title,year,journal,method,markerGene,nSamples,seqDepth,simIndex,otuDefinition,taxa,habitat,environment,spatialExtent,mantelR,pValue
Plant diversity represents the prevalent determinant of soil fungal community structure across temperate grasslands in northern China,2017,Soil Biology and Biochemistry,illumina,,290,4000,bray,0.97,fungi,soil,grassland,4000,0.338,0.001
The differentiation of soil bacterial communities along a precipitation and temperature gradient in the eastern Inner Mongolia steppe,2017,Catena,pyrosequencing,16S,45,2735,u_unifrac,0.97,bacteria,soil,grassland,451,0.86,0.001
The differentiation of soil bacterial communities along a precipitation and temperature gradient in the eastern Inner Mongolia steppe,2017,Catena,pyrosequencing,16S,45,2735,betaMNTD,0.97,bacteria,soil,grassland,451,0.91,0.001
Bacterial Diversity Patterns Differ in Soils Developing in Sub-tropical and Cool-Temperate Ecosystems,2017,Microbial Ecology,pyrosequencing,16S,75,11248,bray,0.97,bacteria,soil,dune,1700,0.13,0.35
"Similar community assembly mechanisms underlie similar biogeography of rare and abundant bacteria in lakes on Yungui Plateau, China",2017,Limnology and Oceanography,pyrosequencing,16S,21,7909,bray,0.97,bacteria,water,lake,600,0.18,0.001
"Similar community assembly mechanisms underlie similar biogeography of rare and abundant bacteria in lakes on Yungui Plateau, China",2017,Limnology and Oceanography,pyrosequencing,16S,21,7909,bray,0.97,bacteria,water,lake,600,0.33,0.001
Latitudinal variation in the microbiome of the sponge Ircinia campana correlates with host haplotype but not anti-predatory chemical defense,2017,Marine Ecology Progress Series,TRFLP,16S,45,NA,bray,band,Bac_arch,host,marine,2500,0.63,0.001
Latitudinal variation in the microbiome of the sponge Ircinia campana correlates with host haplotype but not anti-predatory chemical defense,2017,Marine Ecology Progress Series,TRFLP,16S,45,NA,bray,band,Bac_arch,host,marine,2500,0.54,0.001
Latitudinal variation in the microbiome of the sponge Ircinia campana correlates with host haplotype but not anti-predatory chemical defense,2017,Marine Ecology Progress Series,illumina,16S,18,9226,bray,97,Bac_arch,host,marine,2500,0.68,0.001
Temporal and Spatial Variations of Bacterial and Faunal Communities Associated with Deep-Sea Wood Falls,2017,PloS One,pyrosequencing,16S,6,19358,bray,97,bacteria,host,marine,130,0.6,0.01
Temporal and Spatial Variations of Bacterial and Faunal Communities Associated with Deep-Sea Wood Falls,2017,PloS One,ARISA,ITS,6,NA,bray,band,bacteria,host,marine,130,0.5,0.01
"Regional variations in the diversity and predicted metabolic potential of benthic prokaryotes in coastal northern Zhejiang, East China Sea",2016,Scientific Reports,illumina,16S,34,10000,bray,97,Bac_arch,sediment,marine,200,0.322,0.001
Microbial eukaryote communities exhibit robust biogeographical patterns along a gradient of Patagonian and Antarctic lakes,2016,Environmental Microbiology,DGGE,18S,40,NA,bray,band,eukarya,water,lake,2100,0.26,0.002
Microbial eukaryote communities exhibit robust biogeographical patterns along a gradient of Patagonian and Antarctic lakes,2016,Environmental Microbiology,illumina,18S,14,14437,bray,NA,eukarya,water,lake,2100,0.67,0.003
Decoupling function and taxonomy in the global ocean microbiome,2016,Science,illumina,metagenome,139,24644,bray,0.99,bacteria,water,marine,9000,0.35,0.004
Decoupling function and taxonomy in the global ocean microbiome,2016,Science,illumina,metagenome,139,24644,bray,0.99,bacteria,water,marine,9000,0.33,0.001
Geographical Distribution of Methanogenic Archaea in Nine Representative Paddy Soils in China,2016,Frontiers in Microbiology,pyrosequencing,16S,27,400,bray,0.97,archaea,soil,agriculture,3400,0.3931,0.001
Forest area and connectivity influence root-associated fungal communities in a fragmented landscape,2016,Ecology,pyrosequencing,28S,36,500,bray,0.97,fungi,host,forest,7,0.03,0.23
Forest area and connectivity influence root-associated fungal communities in a fragmented landscape,2016,Ecology,illumina,ITS,36,1500,bray,0.97,fungi,host,forest,7,0,0.56
"Diversity, Biogeography, and Biodegradation Potential of Actinobacteria in the Deep-Sea Sediments along the Southwest Indian Ridge",2016,Frontiers in Microbiology,pyrosequencing,16S,9,6442,w_unifrac,0.97,bacteria,sediment,marine,964,-0.167,0.726
The local environment determines the assembly of root endophytic fungi at a continental scale,2016,Environmental Microbiology,sanger,ITS,52,87,Horn-morisita,0.97,fungi,host,grassland,1450,0.02,0.32
Biogeography of planktonic and coral-associated microorganisms across the Hawaiian Archipelago,2016,FEMS Microbiology Ecology,TRFLP,16S,18,NA,bray,band,bacteria,water,marine,4200,0.106,0.161
Biogeography of planktonic and coral-associated microorganisms across the Hawaiian Archipelago,2016,FEMS Microbiology Ecology,TRFLP,16S,34,NA,bray,band,bacteria,water,marine,4200,0.133,0.028
Biogeography of planktonic and coral-associated microorganisms across the Hawaiian Archipelago,2016,FEMS Microbiology Ecology,TRFLP,16S,53,NA,bray,band,bacteria,host,marine,4200,0.16,0.001
Biogeography of planktonic and coral-associated microorganisms across the Hawaiian Archipelago,2016,FEMS Microbiology Ecology,TRFLP,16S,28,NA,bray,band,bacteria,host,marine,4200,0.12,0.015
Taxon interactions control the distributions of cryoconite bacteria colonizing a High Arctic ice cap,2016,Molecular Ecology,Ion Torrent,16S,37,124582,bray,0.97,bacteria,sediment,glacier,1664,0.275,0.001
Biogeographic Distribution Patterns of Bacteria in Typical Chinese Forest Soils,2016,Frontiers in Microbiology,illumina,16S,115,7300,bray,0.97,bacteria,soil,forest,NA,0.259,0.001
Ectomycorrhizal fungal richness declines towards the host species range edge,2016,Molecular Ecology,illumina,ITS,70,200,Raup-Crick,0.97,fungi,host,forest,NA,0.048,0.301
Ectomycorrhizal fungal richness declines towards the host species range edge,2016,Molecular Ecology,illumina,ITS,70,10,Raup-Crick,0.97,fungi,host,forest,NA,-0.116,0.834
Ectomycorrhizal fungal richness declines towards the host species range edge,2016,Molecular Ecology,illumina,ITS,70,81,Raup-Crick,0.97,fungi,host,forest,NA,-0.116,0.832
Ectomycorrhizal fungal richness declines towards the host species range edge,2016,Molecular Ecology,illumina,ITS,70,188,Raup-Crick,0.97,fungi,host,forest,NA,-0.192,0.947
Ectomycorrhizal fungal richness declines towards the host species range edge,2016,Molecular Ecology,illumina,ITS,65,200,Raup-Crick,0.97,fungi,soil,forest,NA,0.097,0.177
Ectomycorrhizal fungal richness declines towards the host species range edge,2016,Molecular Ecology,illumina,ITS,65,10,Raup-Crick,0.97,fungi,soil,forest,NA,0.145,0.155
Ectomycorrhizal fungal richness declines towards the host species range edge,2016,Molecular Ecology,illumina,ITS,65,81,Raup-Crick,0.97,fungi,soil,forest,NA,0.128,0.151
Ectomycorrhizal fungal richness declines towards the host species range edge,2016,Molecular Ecology,illumina,ITS,65,188,Raup-Crick,0.97,fungi,soil,forest,NA,0.14,0.116
Interactions between hydrology and water chemistry shape bacterioplankton biogeography across boreal freshwater networks,2016,ISME,illumina,16S,386,50323,bray,0.97,bacteria,water,lake,1700,0.06,0.1
Patterns and processes in microbial biogeography: do molecules and morphologies give the same answers?,2016,ISME,pyrosequencing,18S,28,4783,bray,1,eukarya,water,marine,163,0.48,0.01
Patterns and processes in microbial biogeography: do molecules and morphologies give the same answers?,2016,ISME,morphology,NA,86,NA,bray,NA,eukarya,water,marine,163,0.36,0.01
Spatial scale drives patterns in soil bacterial diversity,2016,Environmental Microbiology,illumina,16S,22,1000,w_unifrac,0.97,bacteria,soil,grassland,0.0001,-0.009,0.912
Spatial scale drives patterns in soil bacterial diversity,2016,Environmental Microbiology,illumina,16S,22,1000,w_unifrac,0.97,bacteria,soil,grassland,0.0001,0.199,0.011
Spatial scale drives patterns in soil bacterial diversity,2016,Environmental Microbiology,illumina,16S,22,1000,w_unifrac,0.97,bacteria,soil,grassland,0.0001,0.001,0.995
Spatial scale drives patterns in soil bacterial diversity,2016,Environmental Microbiology,illumina,16S,22,1000,w_unifrac,0.97,bacteria,soil,grassland,0.0001,0.023,0.779
Spatial scale drives patterns in soil bacterial diversity,2016,Environmental Microbiology,illumina,16S,22,1000,w_unifrac,0.97,bacteria,soil,grassland,0.0001,-0.009,0.904
Spatial scale drives patterns in soil bacterial diversity,2016,Environmental Microbiology,illumina,16S,22,1000,w_unifrac,0.97,bacteria,soil,grassland,0.0001,-0.048,0.568
Spatial scale drives patterns in soil bacterial diversity,2016,Environmental Microbiology,illumina,16S,22,1000,w_unifrac,0.97,bacteria,soil,grassland,0.0001,0.204,0.008
Spatial scale drives patterns in soil bacterial diversity,2016,Environmental Microbiology,illumina,16S,22,1000,w_unifrac,0.97,bacteria,soil,grassland,0.0001,0.034,0.644
Spatial scale drives patterns in soil bacterial diversity,2016,Environmental Microbiology,illumina,16S,22,1000,w_unifrac,0.97,bacteria,soil,grassland,0.0001,0.079,0.407
Spatial scale drives patterns in soil bacterial diversity,2016,Environmental Microbiology,illumina,16S,22,1000,w_unifrac,0.97,bacteria,soil,grassland,0.0001,0.112,0.198
Spatial scale drives patterns in soil bacterial diversity,2016,Environmental Microbiology,illumina,16S,22,1000,w_unifrac,0.97,bacteria,soil,grassland,0.0001,0.036,0.649
Spatial scale drives patterns in soil bacterial diversity,2016,Environmental Microbiology,illumina,16S,22,1000,w_unifrac,0.97,bacteria,soil,grassland,0.0001,0.116,0.159
Spatial scale drives patterns in soil bacterial diversity,2016,Environmental Microbiology,illumina,16S,22,1000,w_unifrac,0.97,bacteria,soil,grassland,0.0001,-0.089,0.31
Spatial scale drives patterns in soil bacterial diversity,2016,Environmental Microbiology,illumina,16S,22,1000,w_unifrac,0.97,bacteria,soil,grassland,0.0001,0.032,0.703
Spatial scale drives patterns in soil bacterial diversity,2016,Environmental Microbiology,illumina,16S,22,1000,w_unifrac,0.97,bacteria,soil,grassland,0.0001,0.027,0.858
Spatial scale drives patterns in soil bacterial diversity,2016,Environmental Microbiology,illumina,16S,22,1000,w_unifrac,0.97,bacteria,soil,grassland,0.0001,0.034,0.666
Spatial scale drives patterns in soil bacterial diversity,2016,Environmental Microbiology,illumina,16S,22,1000,w_unifrac,0.97,bacteria,soil,grassland,0.0001,0.059,0.498
Spatial scale drives patterns in soil bacterial diversity,2016,Environmental Microbiology,illumina,16S,22,1000,w_unifrac,0.97,bacteria,soil,grassland,0.0001,0.098,0.261
Spatial scale drives patterns in soil bacterial diversity,2016,Environmental Microbiology,illumina,16S,22,1000,w_unifrac,0.97,bacteria,soil,grassland,0.0001,0.063,0.428
Spatial scale drives patterns in soil bacterial diversity,2016,Environmental Microbiology,illumina,16S,22,1000,w_unifrac,0.97,bacteria,soil,grassland,0.0001,0.021,0.819
Spatial scale drives patterns in soil bacterial diversity,2016,Environmental Microbiology,illumina,16S,22,1000,w_unifrac,0.97,bacteria,soil,grassland,0.0001,-0.106,0.166
Spatial scale drives patterns in soil bacterial diversity,2016,Environmental Microbiology,illumina,16S,22,1000,w_unifrac,0.97,bacteria,soil,grassland,0.0001,-0.045,0.602
Spatial scale drives patterns in soil bacterial diversity,2016,Environmental Microbiology,illumina,16S,22,1000,w_unifrac,0.97,bacteria,soil,grassland,0.0001,0.086,0.334
Spatial scale drives patterns in soil bacterial diversity,2016,Environmental Microbiology,illumina,16S,22,1000,w_unifrac,0.97,bacteria,soil,grassland,0.0001,0.174,0.016
Spatial scale drives patterns in soil bacterial diversity,2016,Environmental Microbiology,illumina,16S,22,1000,w_unifrac,0.97,bacteria,soil,grassland,0.0001,-0.023,0.79
Spatial scale drives patterns in soil bacterial diversity,2016,Environmental Microbiology,illumina,16S,22,1000,w_unifrac,0.97,bacteria,soil,grassland,0.0001,0.038,0.598
Spatial scale drives patterns in soil bacterial diversity,2016,Environmental Microbiology,illumina,16S,22,1000,w_unifrac,0.97,bacteria,soil,grassland,0.0001,0.039,0.649
Spatial scale drives patterns in soil bacterial diversity,2016,Environmental Microbiology,illumina,16S,22,1000,w_unifrac,0.97,bacteria,soil,grassland,0.0001,0.076,0.4
Spatial scale drives patterns in soil bacterial diversity,2016,Environmental Microbiology,illumina,16S,22,1000,w_unifrac,0.97,bacteria,soil,grassland,0.0001,0.118,0.223
Spatial scale drives patterns in soil bacterial diversity,2016,Environmental Microbiology,illumina,16S,22,1000,w_unifrac,0.97,bacteria,soil,grassland,0.0001,-0.161,0.072
Fungal communities in sediments of subtropical Chinese seas as estimated by DNA metabarcoding,2016,Scientific Reports,pyrosequencing,ITS,30,3433,bray,0.97,fungi,sediment,marine,997.47,0.2959,0.001
Microbial eukaryote plankton communities of high-mountain lakes from three continents exhibit strong biogeographic patterns,2016,Molecular Ecology,illumina,18S,13,36744,sorensen,1,eukarya,water,lake,12270,0.536,0.00002
Bacterial community dissimilarity between the surface and subsurface soils equals horizontal differences over several kilometers in the western Tibetan Plateau,2016,Environmental Microbiology,pyrosequencing,16S,12,2900,bray,0.97,bacteria,soil,grassland,923,0.35,0.004
Bacterial community dissimilarity between the surface and subsurface soils equals horizontal differences over several kilometers in the western Tibetan Plateau,2016,Environmental Microbiology,pyrosequencing,16S,12,2900,bray,0.97,bacteria,soil,grassland,923,0.38,0.002
Biogeographic Patterns Between Bacterial Phyllosphere Communities of the Southern Magnolia (Magnolia grandiflora) in a Small Forest,2016,Microbial Ecology,illumina,16S,91,27719,theta,0.97,bacteria,host,forest,0.45,0.213,0.001
Biogeographic Patterns Between Bacterial Phyllosphere Communities of the Southern Magnolia (Magnolia grandiflora) in a Small Forest,2016,Microbial Ecology,illumina,16S,91,27719,jaccard,0.97,bacteria,host,forest,0.45,0.268,0.001
Salinity shapes microbial diversity and community structure in surface sediments of the Qinghai-Tibetan Lakes,2016,Scientific Reports,illumina,16S,9,60000,bray,0.97,bacteria,sediment,lake,467,0.056,NA
Contrasting microbial biogeographical patterns between anthropogenic subalpine grasslands and natural alpine grasslands,2016,New Phytologist,illumina,16S,26,660,bray,0.97,bacteria,soil,grassland,1530,0.06,NA
Contrasting microbial biogeographical patterns between anthropogenic subalpine grasslands and natural alpine grasslands,2016,New Phytologist,illumina,ITS,26,970,bray,0.98,fungi,soil,grassland,1530,0.23,0.002
Diversity and Biogeography of Bathyal and Abyssal Seafloor Bacteria,2016,PloS One,pyrosequencing,16S,27,6883,jaccard,0.97,bacteria,sediment,marine,18700,0.18,0.017
Archaeal and Bacterial Communities Associated with the Surface Mucus of Caribbean Corals Differ in Their Degree of Host Specificity and Community Turnover Over Reefs,2016,PloS One,TRFLP,16S,239,NA,Raup-Crick,band,bacteria,host,marine,2.5,0.086,0.01
Archaeal and Bacterial Communities Associated with the Surface Mucus of Caribbean Corals Differ in Their Degree of Host Specificity and Community Turnover Over Reefs,2016,PloS One,TRFLP,16S,239,NA,Raup-Crick,band,archaea,host,marine,2.5,0,NA
Decoupled distance-decay patterns between dsrA and 16S rRNA genes among salt marsh sulfate-reducing bacteria,2016,Environmental Microbiology,illumina,16S,75,83008,bray,0.97,bacteria,sediment,marsh,1300,0.75,0.001
Decoupled distance-decay patterns between dsrA and 16S rRNA genes among salt marsh sulfate-reducing bacteria,2016,Environmental Microbiology,TRFLP,dsrA,75,NA,bray,band,bacteria,sediment,marsh,1300,0.11,0.001
The roles of environmental conditions and geographical distances on the species turnover of the whole phytoplankton and zooplankton communities and their subsets in tropical reservoirs,2016,Hydrobiologica,morphology,NA,204,200,bray,NA,eukarya,water,marine,1500,0.11,NA
Scale-dependent effects of climate and geographic distance on bacterial diversity patterns across northern Chinas grasslands,2015,FEMS Microbiology Ecology,illumina,16S,54,173260,bray,0.97,bacteria,soil,grassland,3700,0.773,0.001
Environmental and not spatial processes (directional and non-directional) shape the phytoplankton composition and functional groups in a large subtropical river basin,2015,Journal of Plankton Research,morphology,NA,29,NA,bray,NA,eukarya,water,river,1150,0.16,0.005
Spatiotemporal dynamics and determinants of planktonic bacterial and microeukaryotic communities in a Chinese subtropical river,2015,Applied Microbiology and Biotechnology,DGGE,16S,16,NA,jaccard,band,bacteria,water,river,115,0.092,0.315
Spatiotemporal dynamics and determinants of planktonic bacterial and microeukaryotic communities in a Chinese subtropical river,2015,Applied Microbiology and Biotechnology,DGGE,16S,16,NA,jaccard,band,bacteria,water,river,115,0.209,0.022
Spatiotemporal dynamics and determinants of planktonic bacterial and microeukaryotic communities in a Chinese subtropical river,2015,Applied Microbiology and Biotechnology,DGGE,18S,16,NA,jaccard,band,eukarya,water,river,115,0.212,0.02
Spatiotemporal dynamics and determinants of planktonic bacterial and microeukaryotic communities in a Chinese subtropical river,2015,Applied Microbiology and Biotechnology,DGGE,18S,16,NA,jaccard,band,eukarya,water,river,115,0.263,0.004
Depth shapes alpha- and beta-diversities of microbial eukaryotes in surficial sediments of coastal ecosystems,2015,Environmental Microbiology,pyrosequencing,18S,39,1500,sorensen,0.97,eukarya,sediment,marine,670,0.587,0.001
"Bacterial biogeography in the coastal waters of northern Zhejiang, East China Sea is highly controlled by spatially structured environmental gradients",2015,Environmental Microbiology,illumina,16S,95,10000,w_unifrac,0.97,bacteria,water,marine,225,0.498,0.001
"Bacterial biogeography in the coastal waters of northern Zhejiang, East China Sea is highly controlled by spatially structured environmental gradients",2015,Environmental Microbiology,illumina,16S,95,10000,jaccard,0.97,bacteria,water,marine,225,0.398,0.001
Soil bacterial communities are shaped by temporal and environmental filtering: evidence from a long-term chronosequence,2015,Environmental Microbiology,Pac-Bio,16S,12,5000,w_unifrac,0.95,bacteria,soil,forest,500,0.47,0.01
Quantifying the relative roles of selective and neutral processes in defining eukaryotic microbial communities,2015,ISME,pyrosequencing,26S,36,1257,jaccard,0.98,fungi,host,agriculture,885.49,0.1025775,0.1114
Quantifying the relative roles of selective and neutral processes in defining eukaryotic microbial communities,2015,ISME,pyrosequencing,26S,36,1257,jaccard,0.98,fungi,host,agriculture,885.49,0.1476936,0.0502
Quantifying the relative roles of selective and neutral processes in defining eukaryotic microbial communities,2015,ISME,pyrosequencing,26S,36,1257,jaccard,0.98,fungi,soil,agriculture,885.49,0.3550623,0.0006
The biogeography of abundant and rare bacterioplankton in the lakes and reservoirs of China,2015,ISME,illumina,16S,42,26322,bray,0.97,bacteria,water,lake,2700,0.498,0.01
Biogeography of Planktonic and Benthic Archaeal Communities in a Subtropical Eutrophic Estuary of China,2015,Microbial Ecology,illumina,16S,12,300000,u_unifrac,0.98,archaea,water,river,21,0.866,0.001
Biogeography of Planktonic and Benthic Archaeal Communities in a Subtropical Eutrophic Estuary of China,2015,Microbial Ecology,illumina,16S,6,300000,u_unifrac,0.98,archaea,sediment,river,21,-0.046,NA
"Quantifying the effects of geographical and environmental factors on distribution of stream bacterioplankton within nature reserves of Fujian, China",2015,Environmental Science and Pollution Research,DGGE,16S,31,NA,jaccard,band,bacteria,water,river,380,0.461,0.001
Bacterial and Archaeal Communities in Sediments of the North Chinese Marginal Seas,2015,Microbial Ecology,pyrosequencing,16S,12,5192,bray,0.97,archaea,sediment,marine,1000,0.801,0.001
Bacterial and Archaeal Communities in Sediments of the North Chinese Marginal Seas,2015,Microbial Ecology,pyrosequencing,16S,12,15320,bray,0.97,bacteria,sediment,marine,1000,0.735,0.001
"Seasonal controls on grassland microbial biogeography: are they governed by plants, abiotic properties or both?",2014,Soil Biology and Biochemistry,plfa,NA,60,NA,euclidean,band,bac_fungi,soil,grassland,0.001,0.1,0.05
"Seasonal controls on grassland microbial biogeography: are they governed by plants, abiotic properties or both?",2014,Soil Biology and Biochemistry,plfa,NA,60,NA,euclidean,band,bac_fungi,soil,grassland,0.001,0.05,NA
"Seasonal controls on grassland microbial biogeography: are they governed by plants, abiotic properties or both?",2014,Soil Biology and Biochemistry,plfa,NA,60,NA,euclidean,band,bac_fungi,soil,grassland,0.001,-0.03,NA
"Seasonal controls on grassland microbial biogeography: are they governed by plants, abiotic properties or both?",2014,Soil Biology and Biochemistry,plfa,NA,60,NA,euclidean,band,bac_fungi,soil,grassland,0.001,0.09,0.05
"Seasonal controls on grassland microbial biogeography: are they governed by plants, abiotic properties or both?",2014,Soil Biology and Biochemistry,plfa,NA,60,NA,euclidean,band,bac_fungi,soil,grassland,0.001,0.01,NA
"Seasonal controls on grassland microbial biogeography: are they governed by plants, abiotic properties or both?",2014,Soil Biology and Biochemistry,plfa,NA,60,NA,euclidean,band,bac_fungi,soil,grassland,0.001,0.1,0.05
A continental view of pine-associated ectomycorrhizal fungal spore banks: a quiescent functional guild with a strong biogeographic pattern,2015,New Phytologist,pyrosequencing,ITS,247,50,sorensen,0.95,fungi,host,forest,6000,0.44,0.001
A continental view of pine-associated ectomycorrhizal fungal spore banks: a quiescent functional guild with a strong biogeographic pattern,2015,New Phytologist,pyrosequencing,ITS,247,50,bray,0.95,fungi,host,forest,6000,0.38,0.001
A continental view of pine-associated ectomycorrhizal fungal spore banks: a quiescent functional guild with a strong biogeographic pattern,2015,New Phytologist,pyrosequencing,ITS,247,50,Morisita-horn,0.95,fungi,host,forest,6000,0.37,0.001
A continental view of pine-associated ectomycorrhizal fungal spore banks: a quiescent functional guild with a strong biogeographic pattern,2015,New Phytologist,pyrosequencing,ITS,247,50,jaccard,0.95,fungi,host,forest,6000,0.44,0.001
A continental view of pine-associated ectomycorrhizal fungal spore banks: a quiescent functional guild with a strong biogeographic pattern,2015,New Phytologist,pyrosequencing,ITS,247,100,sorensen,0.95,fungi,host,forest,6000,0.47,0.001
A continental view of pine-associated ectomycorrhizal fungal spore banks: a quiescent functional guild with a strong biogeographic pattern,2015,New Phytologist,pyrosequencing,ITS,247,100,bray,0.95,fungi,host,forest,6000,0.38,0.001
A continental view of pine-associated ectomycorrhizal fungal spore banks: a quiescent functional guild with a strong biogeographic pattern,2015,New Phytologist,pyrosequencing,ITS,247,100,Morisita-horn,0.95,fungi,host,forest,6000,0.37,0.001
A continental view of pine-associated ectomycorrhizal fungal spore banks: a quiescent functional guild with a strong biogeographic pattern,2015,New Phytologist,pyrosequencing,ITS,247,100,jaccard,0.95,fungi,host,forest,6000,0.47,0.001
A continental view of pine-associated ectomycorrhizal fungal spore banks: a quiescent functional guild with a strong biogeographic pattern,2015,New Phytologist,pyrosequencing,ITS,247,200,sorensen,0.95,fungi,host,forest,6000,0.5,0.001
A continental view of pine-associated ectomycorrhizal fungal spore banks: a quiescent functional guild with a strong biogeographic pattern,2015,New Phytologist,pyrosequencing,ITS,247,200,bray,0.95,fungi,host,forest,6000,0.39,0.001
A continental view of pine-associated ectomycorrhizal fungal spore banks: a quiescent functional guild with a strong biogeographic pattern,2015,New Phytologist,pyrosequencing,ITS,247,200,Morisita-horn,0.95,fungi,host,forest,6000,0.38,0.001
A continental view of pine-associated ectomycorrhizal fungal spore banks: a quiescent functional guild with a strong biogeographic pattern,2015,New Phytologist,pyrosequencing,ITS,247,200,jaccard,0.95,fungi,host,forest,6000,0.51,0.001
Catchment-scale biogeography of riverine bacterioplankton,2015,ISME,pyrosequencing,16S,23,2179,bray,NA,bacteria,water,river,90,0.1214,0.048
Biogeography of globally distributed bacteria in temperate and boreal Quebec lakes as revealed by tag pyrosequencing of 16S rRNA genes,2015,Aquatic Microbial Ecology,pyrosequencing,16S,37,500,bray,0.97,bacteria,water,lake,1200,0.23,0.001
Biogeography of globally distributed bacteria in temperate and boreal Quebec lakes as revealed by tag pyrosequencing of 16S rRNA genes,2015,Aquatic Microbial Ecology,pyrosequencing,16S,37,500,bray,0.85,bacteria,water,lake,1200,0.07,0.019
"Aquatic bacterial assemblage structure in Pozas Azules, Cuatro Cienegas Basin, Mexico: Deterministic vs. stochastic processes",2015,International Microbiology,sanger,16S,20,80,sorensen,0.97,bacteria,water,lake,1.8,0.7979,0.04117
Testing the theory of island biogeography for microorganisms-patterns for spring diatoms,2015,Aquatic Microbial Ecology,morphology,NA,50,300,bray,NA,eukarya,water,river,500,0.07,0.446
Bacterial and archaeal biogeography of the deep chlorophyll maximum in the South Pacific Gyre,2015,Aquatic Microbial Ecology,pyrosequencing,16S,8,9200,bray,0.97,Bac_arch,water,marine,7500,0.529,0.1
Plant diversity predicts beta but not alpha diversity of soil microbes across grasslands worldwide,2015,Ecology Letters,illumina,16S,25,100,bray,0.97,archaea,soil,grassland,14800,0.24,0.021
Plant diversity predicts beta but not alpha diversity of soil microbes across grasslands worldwide,2015,Ecology Letters,illumina,16S,25,18000,bray,0.97,bacteria,soil,grassland,14800,0.47,0.001
Plant diversity predicts beta but not alpha diversity of soil microbes across grasslands worldwide,2015,Ecology Letters,illumina,ITS,25,485,bray,0.97,fungi,soil,grassland,14800,0.49,0.001
Environmental filtering affects soil fungal community composition more than dispersal limitation at regional scales,2014,Fungal Ecology,pyrosequencing,18S,21,1000,euclidean,0.97,fungi,soil,grassland,360,0.05,0.87
Environmental filtering affects soil fungal community composition more than dispersal limitation at regional scales,2014,Fungal Ecology,pyrosequencing,18S,5,1000,euclidean,0.97,fungi,air,air,110,0.01,0.36
"A phylogenetic perspective on species diversity, beta-diversity and biogeography for the microbial world",2014,Molecular Ecology,sanger,16S,18,65,u_unifrac,0.97,bacteria,water,lake,72,0.1,0.31
Biogeographic patterns in below-ground diversity in New York Citys Central Park are similar to those observed globally,2014,Proceedings of the Royal Society B,illumina,16S,596,40000,bray,0.97,Bac_arch,soil,grassland,4,0.06,0.001
Biogeographic patterns in below-ground diversity in New York Citys Central Park are similar to those observed globally,2014,Proceedings of the Royal Society B,illumina,16S,596,40000,jaccard,0.97,Bac_arch,soil,grassland,4,0.06,0.001
Biogeographic patterns in below-ground diversity in New York Citys Central Park are similar to those observed globally,2014,Proceedings of the Royal Society B,illumina,18S,596,40000,bray,0.97,eukarya,soil,grassland,4,0.03,0.02
Biogeographic patterns in below-ground diversity in New York Citys Central Park are similar to those observed globally,2014,Proceedings of the Royal Society B,illumina,18S,596,40000,jaccard,0.97,eukarya,soil,grassland,4,0.03,0.025
"Distance-Decay and Taxa-Area Relationships for Bacteria, Archaea and Methanogenic Archaea in a Tropical Lake Sediment",2014,PloS One,TRFLP,16S,25,NA,sorensen,band,archaea,sediment,lake,1.4,0.45,0.03
"Distance-Decay and Taxa-Area Relationships for Bacteria, Archaea and Methanogenic Archaea in a Tropical Lake Sediment",2014,PloS One,TRFLP,mcrA,25,NA,sorensen,band,archaea,sediment,lake,1.4,0.6,0.001
"Distance-Decay and Taxa-Area Relationships for Bacteria, Archaea and Methanogenic Archaea in a Tropical Lake Sediment",2014,PloS One,TRFLP,16S,25,NA,sorensen,band,bacteria,sediment,lake,1.4,0.34,0.006
"Distance-Decay and Taxa-Area Relationships for Bacteria, Archaea and Methanogenic Archaea in a Tropical Lake Sediment",2014,PloS One,TRFLP,16S,25,NA,bray,band,archaea,sediment,lake,1.4,0.3,0.005
"Distance-Decay and Taxa-Area Relationships for Bacteria, Archaea and Methanogenic Archaea in a Tropical Lake Sediment",2014,PloS One,TRFLP,mcrA,25,NA,bray,band,archaea,sediment,lake,1.4,0.69,0.001
"Distance-Decay and Taxa-Area Relationships for Bacteria, Archaea and Methanogenic Archaea in a Tropical Lake Sediment",2014,PloS One,TRFLP,16S,25,NA,bray,band,bacteria,sediment,lake,1.4,0.34,0.006
Spore dispersal of basidiomycete fungi at the landscape scale is driven by stochastic and deterministic processes and generates variability in plant-fungal interactions,2014,New Phytologist,pyrosequencing,ITS,16,500,bray,0.97,fungi,air,air,12,0,0.51
Spore dispersal of basidiomycete fungi at the landscape scale is driven by stochastic and deterministic processes and generates variability in plant-fungal interactions,2014,New Phytologist,pyrosequencing,ITS,16,500,bray,0.97,fungi,air,air,12,0.23,0.04
Spore dispersal of basidiomycete fungi at the landscape scale is driven by stochastic and deterministic processes and generates variability in plant-fungal interactions,2014,New Phytologist,pyrosequencing,ITS,16,500,bray,0.97,fungi,air,air,12,0.41,0.04
Spore dispersal of basidiomycete fungi at the landscape scale is driven by stochastic and deterministic processes and generates variability in plant-fungal interactions,2014,New Phytologist,pyrosequencing,ITS,16,500,bray,0.97,fungi,air,air,12,0.48,0.01
Spore dispersal of basidiomycete fungi at the landscape scale is driven by stochastic and deterministic processes and generates variability in plant-fungal interactions,2014,New Phytologist,pyrosequencing,ITS,16,500,bray,0.97,fungi,air,air,12,0.42,0.04
Spore dispersal of basidiomycete fungi at the landscape scale is driven by stochastic and deterministic processes and generates variability in plant-fungal interactions,2014,New Phytologist,pyrosequencing,ITS,17,500,bray,0.97,fungi,air,air,12,0.24,0.08
Spore dispersal of basidiomycete fungi at the landscape scale is driven by stochastic and deterministic processes and generates variability in plant-fungal interactions,2014,New Phytologist,pyrosequencing,ITS,17,500,bray,0.97,fungi,air,air,12,0.39,0.01
Spore dispersal of basidiomycete fungi at the landscape scale is driven by stochastic and deterministic processes and generates variability in plant-fungal interactions,2014,New Phytologist,pyrosequencing,ITS,17,500,bray,0.97,fungi,air,air,12,0.35,0.03
Spore dispersal of basidiomycete fungi at the landscape scale is driven by stochastic and deterministic processes and generates variability in plant-fungal interactions,2014,New Phytologist,pyrosequencing,ITS,17,500,bray,0.97,fungi,air,air,12,0.41,0.03
Spore dispersal of basidiomycete fungi at the landscape scale is driven by stochastic and deterministic processes and generates variability in plant-fungal interactions,2014,New Phytologist,pyrosequencing,ITS,17,500,bray,0.97,fungi,air,air,12,0.36,0.02
Spore dispersal of basidiomycete fungi at the landscape scale is driven by stochastic and deterministic processes and generates variability in plant-fungal interactions,2014,New Phytologist,pyrosequencing,ITS,17,500,bray,0.97,fungi,air,air,12,0.44,0
Spore dispersal of basidiomycete fungi at the landscape scale is driven by stochastic and deterministic processes and generates variability in plant-fungal interactions,2014,New Phytologist,pyrosequencing,ITS,17,500,bray,0.97,fungi,air,air,12,0.45,0.02
Soil fungal communities of grasslands are environmentally structured at a regional scale in the Alps,2014,Molecular Ecology,pyrosequencing,ITS,204,289,jaccard,NA,fungi,soil,grassland,100,0.019,0.22
Soil fungal communities of grasslands are environmentally structured at a regional scale in the Alps,2014,Molecular Ecology,pyrosequencing,ITS,204,289,betaMNTD,NA,fungi,soil,grassland,100,0.005,0.577
Soil fungal communities of grasslands are environmentally structured at a regional scale in the Alps,2014,Molecular Ecology,pyrosequencing,ITS,204,289,betaMPD,NA,fungi,soil,grassland,100,0.04,0.12
Spatial Scaling Effects on Soil Bacterial Communities in Malaysian Tropical Forests,2014,Microbial Ecology,pyrosequencing,16S,30,520,bray,0.97,bacteria,soil,forest,0.15,0.03,0.05
Spatial Scaling Effects on Soil Bacterial Communities in Malaysian Tropical Forests,2014,Microbial Ecology,pyrosequencing,16S,26,520,bray,0.97,bacteria,soil,forest,1300,0.2,NA
SSU rDNA Sequence Diversity and Seasonally Differentiated Distribution of Nanoplanktonic Ciliates in Neritic Bohai and Yellow Seas as Revealed by T-RFLP,2014,PloS One,TRFLP,18S,35,NA,bray,band,eukarya,water,marine,540,-0.011,NA
SSU rDNA Sequence Diversity and Seasonally Differentiated Distribution of Nanoplanktonic Ciliates in Neritic Bohai and Yellow Seas as Revealed by T-RFLP,2014,PloS One,TRFLP,18S,35,NA,bray,band,eukarya,water,marine,540,-0.008,NA
"Pyrosequencing reveals correlations between extremely acidophilic bacterial communities with hydrogen sulphide concentrations, pH and inert polymer coatings at concrete sewer crown surfaces",2014,Journal of Applied Microbiology,pyrosequencing,16S,6,1759,bray,0.97,bacteria,water,urban,0.2,-0.24,0.175
Neotropical Andes hot springs harbor diverse and distinct planktonic microbial communities,2014,Environmental Microbiology,pyrosequencing,16S,5,4400,jaccard,0.97,Bac_arch,water,river,290,0.50273,0.05
Diversity and Transport of Microorganisms in Intertidal Sands of the California Coast,2014,Applied and Environmental Microbiology,pyrosequencing,16S,49,4000,bray,0.97,Bac_arch,sediment,coastal,1350,0.25,0.001
The spatial structure of bacterial communities is influenced by historical environmental conditions,2014,Ecology,TRFLP,16S,16,NA,bray,band,bacteria,water,marine,0.03,0.28,0.01
Drivers shaping the diversity and biogeography of total and active bacterial communities in the South China Sea,2014,Molecular Ecology,pyrosequencing,16S,30,4346,bray,0.97,bacteria,water,marine,500,0.2497,0.01
Differentiation between sediment and hypolimnion methanogen communities in humic lakes,2014,Environmental Microbiology,sanger,mcrA,27,25,w_unifrac,1,archaea,sediment,lake,32,0.12,0.14
Differentiation between sediment and hypolimnion methanogen communities in humic lakes,2014,Environmental Microbiology,sanger,mcrA,27,25,bray,1,archaea,sediment,lake,32,0.61,0.001
Biogeography of the Sediment Bacterial Community Responds to a Nitrogen Pollution Gradient in the East China Sea,2014,Applied and Environmental Microbiology,pyrosequencing,16S,25,4800,bray,0.97,bacteria,sediment,marine,55,0.879,0.001
Host rules: spatial stability of bacterial communities associated with marine sponges (Ircinia spp.) in the Western Mediterranean Sea,2013,FEMS Microbiology Ecology,TRFLP,16S,28,NA,bray,band,bacteria,host,marine,800,0.863,NA
Host rules: spatial stability of bacterial communities associated with marine sponges (Ircinia spp.) in the Western Mediterranean Sea,2013,FEMS Microbiology Ecology,TRFLP,16S,28,NA,bray,band,bacteria,host,marine,800,0.931,NA
Host rules: spatial stability of bacterial communities associated with marine sponges (Ircinia spp.) in the Western Mediterranean Sea,2013,FEMS Microbiology Ecology,TRFLP,16S,27,NA,bray,band,bacteria,host,marine,800,0.085,NA
Host rules: spatial stability of bacterial communities associated with marine sponges (Ircinia spp.) in the Western Mediterranean Sea,2013,FEMS Microbiology Ecology,TRFLP,16S,27,NA,bray,band,bacteria,host,marine,800,0.86,NA
Host rules: spatial stability of bacterial communities associated with marine sponges (Ircinia spp.) in the Western Mediterranean Sea,2013,FEMS Microbiology Ecology,TRFLP,16S,19,NA,bray,band,bacteria,host,marine,800,0.95,NA
Host rules: spatial stability of bacterial communities associated with marine sponges (Ircinia spp.) in the Western Mediterranean Sea,2013,FEMS Microbiology Ecology,TRFLP,16S,19,NA,bray,band,bacteria,host,marine,800,0.591,NA
Environmental controls over bacterial communities in polar desert soils,2013,Ecosphere,TRFLP,16S,32,NA,bray,band,bacteria,soil,desert,60,0.21,0.006
Dispersal in microbes: fungi in indoor air are dominated by outdoor air and show dispersal limitation at short distances,2013,ISME,pyrosequencing,ITS,44,100,beta_sim,0.97,fungi,air,urban,0.5,0.2,0.001
Dispersal in microbes: fungi in indoor air are dominated by outdoor air and show dispersal limitation at short distances,2013,ISME,pyrosequencing,ITS,36,100,beta_sim,0.97,fungi,air,urban,0.5,0.19,0.003
The biogeography of fungal communities in wetland sediments along the Changjiang River and other sites in China,2013,ISME,DGGE,ITS,61,NA,NA,band,fungi,sediment,coastal,4000,0.224,0.003
Phylogenetic beta diversity in bacterial assemblages across ecosystems: deterministic versus stochastic processes,2013,ISME,pyrosequencing,16S,12,1000,u_unifrac,0.97,bacteria,sediment,lake,3,0.093,NA
Phylogenetic beta diversity in bacterial assemblages across ecosystems: deterministic versus stochastic processes,2013,ISME,pyrosequencing,16S,12,1000,u_unifrac,0.97,bacteria,sediment,lake,3,0.112,NA
Phylogenetic beta diversity in bacterial assemblages across ecosystems: deterministic versus stochastic processes,2013,ISME,pyrosequencing,16S,27,1000,u_unifrac,0.97,bacteria,sediment,lake,50,0.699,0.001
Phylogenetic beta diversity in bacterial assemblages across ecosystems: deterministic versus stochastic processes,2013,ISME,pyrosequencing,16S,27,1000,u_unifrac,0.97,bacteria,water,lake,50,0.476,0.01
Phylogenetic beta diversity in bacterial assemblages across ecosystems: deterministic versus stochastic processes,2013,ISME,pyrosequencing,16S,20,1000,u_unifrac,0.97,bacteria,sediment,lake,0.011,0.578,0.05
Phylogenetic beta diversity in bacterial assemblages across ecosystems: deterministic versus stochastic processes,2013,ISME,pyrosequencing,16S,28,1000,u_unifrac,0.97,bacteria,sediment,lake,0.007,0.52,0.001
Phylogenetic beta diversity in bacterial assemblages across ecosystems: deterministic versus stochastic processes,2013,ISME,pyrosequencing,16S,24,1000,u_unifrac,0.97,bacteria,sediment,river,33,0.521,0.01
Phylogenetic beta diversity in bacterial assemblages across ecosystems: deterministic versus stochastic processes,2013,ISME,pyrosequencing,16S,25,1000,u_unifrac,0.97,bacteria,sediment,lake,850,0.267,NA
Phylogenetic beta diversity in bacterial assemblages across ecosystems: deterministic versus stochastic processes,2013,ISME,pyrosequencing,16S,12,1000,betaMNTD,0.97,bacteria,sediment,lake,3,0.099,NA
Phylogenetic beta diversity in bacterial assemblages across ecosystems: deterministic versus stochastic processes,2013,ISME,pyrosequencing,16S,12,1000,betaMNTD,0.97,bacteria,sediment,lake,3,0.202,NA
Phylogenetic beta diversity in bacterial assemblages across ecosystems: deterministic versus stochastic processes,2013,ISME,pyrosequencing,16S,27,1000,betaMNTD,0.97,bacteria,sediment,lake,50,0.435,0.001
Phylogenetic beta diversity in bacterial assemblages across ecosystems: deterministic versus stochastic processes,2013,ISME,pyrosequencing,16S,27,1000,betaMNTD,0.97,bacteria,water,lake,50,0.275,0.01
Phylogenetic beta diversity in bacterial assemblages across ecosystems: deterministic versus stochastic processes,2013,ISME,pyrosequencing,16S,20,1000,betaMNTD,0.97,bacteria,sediment,lake,0.011,0.422,0.001
Phylogenetic beta diversity in bacterial assemblages across ecosystems: deterministic versus stochastic processes,2013,ISME,pyrosequencing,16S,28,1000,betaMNTD,0.97,bacteria,sediment,lake,0.007,0.486,0.001
Phylogenetic beta diversity in bacterial assemblages across ecosystems: deterministic versus stochastic processes,2013,ISME,pyrosequencing,16S,24,1000,betaMNTD,0.97,bacteria,water,river,33,0.494,0.001
Phylogenetic beta diversity in bacterial assemblages across ecosystems: deterministic versus stochastic processes,2013,ISME,pyrosequencing,16S,25,1000,betaMNTD,0.97,bacteria,sediment,lake,850,0.143,NA
Geographic distance and ecosystem size determine the distribution of smallest protists in lacustrine ecosystems,2013,FEMS Microbiology Ecology,TRFLP,18S,24,NA,bray,band,eukarya,water,lake,400,0.53,0.01
Geographic distance and ecosystem size determine the distribution of smallest protists in lacustrine ecosystems,2013,FEMS Microbiology Ecology,pyrosequencing,18S,6,14890,bray,0.95,eukarya,water,lake,400,0.83,0.05
Biogeography of bacterial communities exposed to progressive long-term environmental change,2013,ISME,pyrosequencing,16S,39,2800,bray,0.97,bacteria,water,lake,20,0.28,0.001
Contemporary environmental variation determines microbial diversity patterns in acid mine drainage,2013,ISME,pyrosequencing,16S,59,540,w_unifrac,0.97,Bac_arch,NA,mine,1600,0.106,0.072
"Microbial biogeography during austral summer 2007 in the surface waters around the South Shetland Islands, Antarctica",2013,Aquatic Microbial Ecology,DGGE,16S,14,NA,bray,band,bacteria,water,marine,523,0.441,0.003
"Microbial biogeography during austral summer 2007 in the surface waters around the South Shetland Islands, Antarctica",2013,Aquatic Microbial Ecology,DGGE,18S,14,NA,bray,band,eukarya,water,marine,523,0.321,0.013
Distance Decay of Similarity in Neotropical Diatom Communities,2013,PloS One,morphology,NA,114,400,bray,NA,eukarya,water,river,800,0.38,0.001
Distance Decay of Similarity in Neotropical Diatom Communities,2013,PloS One,morphology,NA,129,400,bray,NA,eukarya,water,river,800,0.56,0.001
Distance Decay of Similarity in Neotropical Diatom Communities,2013,PloS One,morphology,NA,114,400,simpson,NA,eukarya,water,river,800,0.38,0.001
Distance Decay of Similarity in Neotropical Diatom Communities,2013,PloS One,morphology,NA,129,400,simpson,NA,eukarya,water,river,800,0.5,0.001
Geographic distance and pH drive bacterial distribution in alkaline lake sediments across Tibetan Plateau,2012,Environmental Microbiology,pyrosequencing,16S,17,4000,u_unifrac,0.97,bacteria,sediment,lake,1670,0.443,0.03
Dispersal limitation and the assembly of soil Actinobacteria communities in a long-term chronosequence,2012,Ecology and Evolution,TRFLP,16S,12,NA,bray,band,bacteria,soil,forest,343,0.35,0.022
Dispersal limitation and the assembly of soil Actinobacteria communities in a long-term chronosequence,2012,Ecology and Evolution,TRFLP,16S,12,NA,bray,band,bacteria,soil,forest,343,0.32,0.027
Dispersal limitation and the assembly of soil Actinobacteria communities in a long-term chronosequence,2012,Ecology and Evolution,sanger,16S,12,239,u_unifrac,0.97,bacteria,soil,forest,343,0.24,0.064
Dispersal limitation and the assembly of soil Actinobacteria communities in a long-term chronosequence,2012,Ecology and Evolution,sanger,16S,12,239,bray,0.9,bacteria,soil,forest,343,0,0.479
Dispersal limitation and the assembly of soil Actinobacteria communities in a long-term chronosequence,2012,Ecology and Evolution,sanger,16S,12,239,bray,0.93,bacteria,soil,forest,343,0.15,0.186
Dispersal limitation and the assembly of soil Actinobacteria communities in a long-term chronosequence,2012,Ecology and Evolution,sanger,16S,12,239,bray,0.95,bacteria,soil,forest,343,0.36,0.043
Dispersal limitation and the assembly of soil Actinobacteria communities in a long-term chronosequence,2012,Ecology and Evolution,sanger,16S,12,239,bray,0.97,bacteria,soil,forest,343,0.35,0.036
Dispersal limitation and the assembly of soil Actinobacteria communities in a long-term chronosequence,2012,Ecology and Evolution,sanger,16S,12,239,bray,0.99,bacteria,soil,forest,343,0.32,0.031
Bacterial assemblages of the eastern Atlantic Ocean reveal both vertical and latitudinal biogeographic signatures,2012,Biogeosciences,pyrosequencing,16S,16,6687,bray,0.97,bacteria,water,marine,7700,0.25,0.04
Biogeography of pelagic bacterioplankton across an antagonistic temperature-salinity gradient in the Red Sea,2011,Molecular Ecology,pyrosequencing,16S,31,1959,w_unifrac,0.97,bacteria,water,marine,700,0.84,0.0001
Ecology and biogeography of bacterial communities associated with chloroethene-contaminated aquifers,2012,Frontiers in Microbiology,TRFLP,16S,84,NA,bray,band,bacteria,NA,aquifer,1000,0.223,0.001
Bacterial community structure in a latitudinal gradient of lakes: the roles of spatial versus environmental factors,2011,Freshwater Biology,DGGE,16S,41,NA,jaccard,band,bacteria,water,lake,2150,0.503,0.0001
The bacterial biogeography of British soils,2011,Environmental Microbiology,TRFLP,16S,1010,NA,bray,band,bacteria,soil,grassland,1200,0.1,0.001
Disentangling the spatial patterns in community composition of prokaryotic and eukaryotic lake plankton,2011,Limnology and Oceanography,morphology,NA,100,200,sorensen,NA,eukarya,water,lake,800,0.246,0.001
Disentangling the spatial patterns in community composition of prokaryotic and eukaryotic lake plankton,2011,Limnology and Oceanography,morphology,NA,100,50,sorensen,NA,eukarya,water,lake,800,0.296,0.001
Disentangling the spatial patterns in community composition of prokaryotic and eukaryotic lake plankton,2011,Limnology and Oceanography,TRFLP,16S,100,NA,sorensen,band,bacteria,water,lake,800,0.145,0.001
Metacommunity organization of soil microorganisms depends on habitat defined by presence of Lobelia siphilitica plants,2011,Ecology,TRFLP,16S,14,NA,hellinger,band,bacteria,soil,grassland,508,0.23,0.007
Metacommunity organization of soil microorganisms depends on habitat defined by presence of Lobelia siphilitica plants,2011,Ecology,TRFLP,ITS,14,NA,hellinger,band,fungi,soil,grassland,508,-0.12,NA
Metacommunity organization of soil microorganisms depends on habitat defined by presence of Lobelia siphilitica plants,2011,Ecology,TRFLP,16S,14,NA,hellinger,band,bacteria,soil,grassland,508,0.02,0.41
Metacommunity organization of soil microorganisms depends on habitat defined by presence of Lobelia siphilitica plants,2011,Ecology,TRFLP,ITS,14,NA,hellinger,band,fungi,soil,grassland,508,-0.04,NA
"Possible interactions between bacterial diversity, microbial activity and supraglacial hydrology of cryoconite holes in Svalbard",2011,ISME,TRFLP,16S,6,NA,bray,band,bacteria,sediment,glacier,7,0.001,0.007
"Possible interactions between bacterial diversity, microbial activity and supraglacial hydrology of cryoconite holes in Svalbard",2011,ISME,TRFLP,16S,6,NA,bray,band,bacteria,sediment,glacier,7,0,0.392
"Possible interactions between bacterial diversity, microbial activity and supraglacial hydrology of cryoconite holes in Svalbard",2011,ISME,TRFLP,16S,6,NA,bray,band,bacteria,sediment,glacier,7,0.002,0.169
Evidence of dispersal limitation in soil microorganisms: Isolation reduces species richness on mycorrhizal tree islands,2010,Ecology,sanger,ITS,155,33,bray,0.97,fungi,host,forest,7.8,0.07,0.001
The ecology of the phyllosphere: geographic and phylogenetic variability in the distribution of bacteria on tree leaves,2010,Environmental Microbiology,pyrosequencing,16S,119,750,w_unifrac,0.97,bacteria,host,forest,14000,0.08,0.5
Community structures of ammonia-oxidising archaea and bacteria in high-altitude lakes on the Tibetan Plateau,2010,Freshwater Biology,sanger,amoA,17,20,w_unifrac,0.98,archaea,water,lake,333.52,0.276,0.017
Life history determines biogeographical patterns of soil bacterial communities over multiple spatial scales,2010,Molecular Ecology,phylochip,16S,10,NA,bray,NA,bacteria,soil,forest,350,0.54,0.007
Life history determines biogeographical patterns of soil bacterial communities over multiple spatial scales,2010,Molecular Ecology,phylochip,16S,10,NA,bray,NA,bacteria,soil,forest,350,0.31,0.02
"Biogeographical patterns of freshwater micro- and macroorganisms: a comparison between phytoplankton, zooplankton and fish in the eastern Mediterranean",2010,Journal of Biogeography,morphology,NA,7,400,sorensen,NA,eukarya,water,marine,342,0.129,0.614
"Microbial Biogeography of Six Salt Lakes in Inner Mongolia, China, and a Salt Lake in Argentina",2009,Applied and Environmental Microbiology,sanger,16S,7,52,jaccard,0.99,archaea,water,lake,17845.5,0.336,0.116
"Microbial Biogeography of Six Salt Lakes in Inner Mongolia, China, and a Salt Lake in Argentina",2009,Applied and Environmental Microbiology,sanger,16S,7,52,jaccard,0.97,archaea,water,lake,17845.5,-0.094,0.473
"Microbial Biogeography of Six Salt Lakes in Inner Mongolia, China, and a Salt Lake in Argentina",2009,Applied and Environmental Microbiology,sanger,16S,7,52,jaccard,0.95,archaea,water,lake,17845.5,-0.087,0.486
"Microbial Biogeography of Six Salt Lakes in Inner Mongolia, China, and a Salt Lake in Argentina",2009,Applied and Environmental Microbiology,sanger,16S,7,8,jaccard,0.99,bacteria,water,lake,17845.5,0.125,0.166
"Microbial Biogeography of Six Salt Lakes in Inner Mongolia, China, and a Salt Lake in Argentina",2009,Applied and Environmental Microbiology,sanger,16S,7,8,jaccard,0.97,bacteria,water,lake,17845.5,0.484,0.0016
"Microbial Biogeography of Six Salt Lakes in Inner Mongolia, China, and a Salt Lake in Argentina",2009,Applied and Environmental Microbiology,sanger,16S,7,8,jaccard,0.95,bacteria,water,lake,17845.5,0.328,0.002
"Relationships between Testate Amoebae Assemblages (Protozoa) and Geographic Factors in Yunnan Plateau Lakes, China",2009,Journal of Freshwater Ecology,morphology,NA,9,NA,sorensen,NA,eukarya,water,lake,480,-0.031,0.437
Biogeographical patterns of soil bacterial communities,2009,Environmental Microbiology,ARISA,16S,593,NA,sorensen,band,bacteria,soil,grassland,NA,0.225,0.001
Bar-Coded Pyrosequencing Reveals Shared Bacterial Community Properties along the Temperature Gradients of Two Alkaline Hot Springs in Yellowstone National Park,2009,Applied and Environmental Microbiology,pyrosequencing,16S,39,484,bray,NA,bacteria,water,river,2,0.21,0.0001
Contrasting the influences of stream inputs and landscape position on bacterioplankton community structure and dissolved organic matter composition in high- elevation lake chains,2009,Limnology and Oceanography,TRFLP,16S,7,NA,sorensen,band,bacteria,water,lake,6.9,0.393,0.01
Contrasting the influences of stream inputs and landscape position on bacterioplankton community structure and dissolved organic matter composition in high- elevation lake chains,2009,Limnology and Oceanography,TRFLP,16S,9,NA,sorensen,band,bacteria,water,lake,6.6,0.431,0.05
Contrasting the influences of stream inputs and landscape position on bacterioplankton community structure and dissolved organic matter composition in high- elevation lake chains,2009,Limnology and Oceanography,TRFLP,16S,4,NA,sorensen,band,bacteria,water,lake,3,0.057,NA
Contrasting the influences of stream inputs and landscape position on bacterioplankton community structure and dissolved organic matter composition in high- elevation lake chains,2009,Limnology and Oceanography,TRFLP,16S,7,NA,sorensen,band,bacteria,water,lake,3.9,0.38,0.001
Contrasting the influences of stream inputs and landscape position on bacterioplankton community structure and dissolved organic matter composition in high- elevation lake chains,2009,Limnology and Oceanography,TRFLP,16S,6,NA,sorensen,band,bacteria,water,lake,8.7,0.565,0.01
Contrasting the influences of stream inputs and landscape position on bacterioplankton community structure and dissolved organic matter composition in high- elevation lake chains,2009,Limnology and Oceanography,TRFLP,16S,5,NA,sorensen,band,bacteria,water,lake,7.8,0.037,NA
Contrasting the influences of stream inputs and landscape position on bacterioplankton community structure and dissolved organic matter composition in high- elevation lake chains,2009,Limnology and Oceanography,TRFLP,16S,14,NA,sorensen,band,bacteria,water,lake,7.1,0.225,0.05
Contrasting the influences of stream inputs and landscape position on bacterioplankton community structure and dissolved organic matter composition in high- elevation lake chains,2009,Limnology and Oceanography,TRFLP,16S,5,NA,sorensen,band,bacteria,water,lake,4.5,0.56,0.01
Contrasting the influences of stream inputs and landscape position on bacterioplankton community structure and dissolved organic matter composition in high- elevation lake chains,2009,Limnology and Oceanography,TRFLP,16S,7,NA,sorensen,band,bacteria,water,lake,9.1,0.428,0.01
Contrasting the influences of stream inputs and landscape position on bacterioplankton community structure and dissolved organic matter composition in high- elevation lake chains,2009,Limnology and Oceanography,TRFLP,16S,7,NA,sorensen,band,bacteria,water,lake,6.2,0.463,0.05
Contrasting the influences of stream inputs and landscape position on bacterioplankton community structure and dissolved organic matter composition in high- elevation lake chains,2009,Limnology and Oceanography,TRFLP,16S,6,NA,sorensen,band,bacteria,water,lake,5.2,0.242,NA
Contrasting the influences of stream inputs and landscape position on bacterioplankton community structure and dissolved organic matter composition in high- elevation lake chains,2009,Limnology and Oceanography,TRFLP,16S,5,NA,sorensen,band,bacteria,water,lake,4.3,0.522,0.001
Bacterial cosmopolitanism and importance of local environmental factors for community composition in remote high-altitude lakes,2009,Freshwater Biology,DGGE,16S,6,NA,jaccard,band,bacteria,water,lake,5.9,0.555,0.032
"Relationship of geographic distance, depth, temperature, and viruses with prokaryotic communities in the eastern tropical Atlantic Ocean",2008,Microbial Ecology,TRFLP,16S,10,NA,jaccard,band,archaea,water,marine,4600,-0.04,0.7939
"Relationship of geographic distance, depth, temperature, and viruses with prokaryotic communities in the eastern tropical Atlantic Ocean",2008,Microbial Ecology,TRFLP,16S,10,NA,jaccard,band,bacteria,water,marine,4600,0.16,0.3512
Water masses and biogeography of picoeukaryote assemblages in a cold hydrographically complex system,2008,Limnology and Oceanography,DGGE,18S,54,NA,euclidean,band,eukarya,water,marine,2000,0.30932,0.019
Phylogenetic ecology of the freshwater Actinobacteria acI lineage,2007,Applied and Environmental Microbiology,sanger,16S,18,93,bray,0.99,bacteria,water,lake,362,-0.09,NA
Environmental controls on the landscape-scale biogeography of stream bacterial communities,2007,Ecology,TRFLP,16S,23,NA,bray,band,bacteria,sediment,river,7.5,0.05,NA
Does ecosystem size determine aquatic bacterial richness?,2005,Ecology,DGGE,16S,11,NA,jaccard,band,bacteria,water,lake,7.5,0.292,0.025
Large variability of bathypelagic microbial eukaryotic communities across the worlds oceans,2016,ISME,pyrosequencing,18S,25,6625,bray,0.97,eukarya,water,marine,16000,0.32,0.001
Microhabitat heterogeneity across leaves and flower organs promotes bacterial diversity,2015,FEMS Microbiology Ecology,illumina,16S,33,1000,w_unifrac,0.97,bacteria,host,forest,77.5,0.032,0.28
"Methanogen diversity and community composition in peatlands of the central to northern Appalachian Mountain region, North America",2012,Biogeochemistry,sanger,16S,30,75,sorensen,0.97,archaea,soil,marsh,775,0.15,0.67
Environmental Constraints Underpin the Distribution and Phylogenetic Diversity of nifH in the Yellowstone Geothermal Complex,2011,Microbial Ecology,sanger,nifH,13,14,rao,0.99,Bac_arch,sediment,river,51.56,0.27,0.01
[FeFe]-hydrogenase in Yellowstone National Park: evidence for dispersal limitation and phylogenetic niche conservatism,2010,ISME,sanger,hydA,9,18,rao,NA,bacteria,sediment,river,53.3,0.45,0.01
Phyllosphere Fungal Communities Differentiate More Thoroughly than Bacterial Communities Along an Elevation Gradient,2016,Microbial Ecology,pyrosequencing,ITS,12,784,sorensen,0.9,fungi,host,forest,23,0.83,0.001
Phyllosphere Fungal Communities Differentiate More Thoroughly than Bacterial Communities Along an Elevation Gradient,2016,Microbial Ecology,pyrosequencing,ITS,12,784,sorensen,0.95,fungi,host,forest,23,0.8,0.01
Phyllosphere Fungal Communities Differentiate More Thoroughly than Bacterial Communities Along an Elevation Gradient,2016,Microbial Ecology,pyrosequencing,ITS,12,784,sorensen,0.97,fungi,host,forest,23,0.79,0.001
Phyllosphere Fungal Communities Differentiate More Thoroughly than Bacterial Communities Along an Elevation Gradient,2016,Microbial Ecology,pyrosequencing,ITS,12,784,sorensen,0.99,fungi,host,forest,23,0.68,0.001
Phyllosphere Fungal Communities Differentiate More Thoroughly than Bacterial Communities Along an Elevation Gradient,2016,Microbial Ecology,pyrosequencing,16S,12,784,sorensen,0.9,bacteria,host,forest,23,0.38,0.01
Phyllosphere Fungal Communities Differentiate More Thoroughly than Bacterial Communities Along an Elevation Gradient,2016,Microbial Ecology,pyrosequencing,16S,12,784,sorensen,0.95,bacteria,host,forest,23,0.48,0.01
Phyllosphere Fungal Communities Differentiate More Thoroughly than Bacterial Communities Along an Elevation Gradient,2016,Microbial Ecology,pyrosequencing,16S,12,784,sorensen,0.97,bacteria,host,forest,23,0.51,0.01
Phyllosphere Fungal Communities Differentiate More Thoroughly than Bacterial Communities Along an Elevation Gradient,2016,Microbial Ecology,pyrosequencing,16S,12,784,sorensen,0.99,bacteria,host,forest,23,0.56,0.001
Stochastic distribution of small soil eukaryotes resulting from high dispersal and drift in a local environment,2016,ISME,pyrosequencing,ITS,41,738,Raup-Crick,0.97,eukarya,soil,forest,0.064,0.338,0.05
Stochastic distribution of small soil eukaryotes resulting from high dispersal and drift in a local environment,2016,ISME,pyrosequencing,ITS,41,738,Raup-Crick,0.97,eukarya,soil,forest,0.064,-0.24,NA
Stochastic distribution of small soil eukaryotes resulting from high dispersal and drift in a local environment,2016,ISME,pyrosequencing,ITS,41,738,Raup-Crick,0.97,fungi,soil,forest,0.064,0.171,0.05
Stochastic distribution of small soil eukaryotes resulting from high dispersal and drift in a local environment,2016,ISME,pyrosequencing,ITS,41,738,Raup-Crick,0.97,eukarya,soil,forest,0.064,0.22,0.05
Stochastic distribution of small soil eukaryotes resulting from high dispersal and drift in a local environment,2016,ISME,pyrosequencing,ITS,41,738,Raup-Crick,0.97,eukarya,soil,forest,0.064,0.13,NA
Stochastic distribution of small soil eukaryotes resulting from high dispersal and drift in a local environment,2016,ISME,pyrosequencing,ITS,41,738,Raup-Crick,0.97,fungi,soil,forest,0.064,0.18,0.05
Stochastic distribution of small soil eukaryotes resulting from high dispersal and drift in a local environment,2016,ISME,pyrosequencing,ITS,41,738,Raup-Crick,0.97,eukarya,soil,forest,0.064,0.102,NA
Stochastic distribution of small soil eukaryotes resulting from high dispersal and drift in a local environment,2016,ISME,pyrosequencing,ITS,14,738,Raup-Crick,0.97,eukarya,soil,forest,0.064,0.124,NA
Stochastic distribution of small soil eukaryotes resulting from high dispersal and drift in a local environment,2016,ISME,pyrosequencing,ITS,41,738,Raup-Crick,0.97,fungi,soil,forest,0.064,0.294,0.05
Eutrophication decreases distance decay of similarity in diatom communities,2014,Freshwater Biology,morphology,NA,10,500,jaccard,NA,eukarya,water,river,6,0.43,0.01
Eutrophication decreases distance decay of similarity in diatom communities,2014,Freshwater Biology,morphology,NA,10,500,jaccard,NA,eukarya,water,river,6,0.79,0.001
High diatom species turnover in a Baltic Sea rock pool metacommunity,2019,Marine Biodiversity,morphology,NA,30,500,bray,NA,eukarya,water,marine,0.104,0.27,0.001
High diatom species turnover in a Baltic Sea rock pool metacommunity,2019,Marine Biodiversity,morphology,NA,30,500,bray,NA,eukarya,water,marine,0.104,0.28,0.001
High diatom species turnover in a Baltic Sea rock pool metacommunity,2019,Marine Biodiversity,morphology,NA,30,500,bray,NA,eukarya,water,marine,0.104,0.28,0.001
Microbial diversity and distribution differ between water column and biofilm assemblages in arid-land waterbodies,2019,Freshwater Science,illumina,16S,36,55890,w_unifrac,0.97,bacteria,water,lake,250,0.74,0.001
Microbial diversity and distribution differ between water column and biofilm assemblages in arid-land waterbodies,2019,Freshwater Science,illumina,16S,42,55890,w_unifrac,0.97,bacteria,water,lake,200,0.41,0.001
The local environment regulates biogeographic patterns of soil fungal communities on the Loess Plateau,2019,Catena,illumina,ITS,24,27000,bray,0.97,fungi,soil,forest,12900,0.17,0.001
The local environment regulates biogeographic patterns of soil fungal communities on the Loess Plateau,2019,Catena,illumina,ITS,24,27000,u_unifrac,0.97,fungi,soil,forest,12900,0.24,0.001
Depth and location influence prokaryotic and eukaryotic microbial community structure in New Zealand fjords,2019,Science of the total environment,illumina,16S,20,22000,bray,0.97,Bac_arch,water,river,14.3,0.06,0.31
Depth and location influence prokaryotic and eukaryotic microbial community structure in New Zealand fjords,2019,Science of the total environment,illumina,18S,20,6600,bray,0.99,eukarya,water,river,14.3,0.12,0.07
"Diversity Distribution and Assembly Mechanisms of Planktonic and Benthic Microeukaryote Communities in Intertidal Zones of Southeast Fujian, China",2019,Frontiers in Microbiology,illumina,18S,21,13595,bray,0.97,eukarya,water,marine,66.48,0.383,0.001
"Diversity Distribution and Assembly Mechanisms of Planktonic and Benthic Microeukaryote Communities in Intertidal Zones of Southeast Fujian, China",2019,Frontiers in Microbiology,illumina,18S,15,13595,bray,0.97,eukarya,sediment,coastal,66.48,0.264,0.007
Ammonia Oxidizers in High-Elevation Rivers of the Qinghai-Tibet Plateau Display Distinctive Distribution Patterns,2019,Applied and Environmental Microbiology,sanger,amoA,19,22,w_unifrac,0.95,archaea,water,river,1100,0.24,0.02
Ammonia Oxidizers in High-Elevation Rivers of the Qinghai-Tibet Plateau Display Distinctive Distribution Patterns,2019,Applied and Environmental Microbiology,sanger,amoA,17,32,w_unifrac,0.95,bacteria,water,river,1100,0.28,0.04
Stochastic processes shape microeukaryotic community assembly in a subtropical river across wet and dry seasons,2019,Microbiome,illumina,18S,30,110394,bray,0.97,eukarya,water,river,45,0.315,0.001
Stochastic processes shape microeukaryotic community assembly in a subtropical river across wet and dry seasons,2019,Microbiome,illumina,18S,30,110394,bray,0.97,eukarya,water,river,45,0.585,0.001
Integrated Space-Time Dataset Reveals High Diversity and Distinct Community Structure of Ciliates in Mesopelagic Waters of the Northern South China Sea,2019,Frontiers in Microbiology,illumina,18S,22,7532,bray,0.97,eukarya,water,marine,50,0.426,0.001
Integrated Space-Time Dataset Reveals High Diversity and Distinct Community Structure of Ciliates in Mesopelagic Waters of the Northern South China Sea,2019,Frontiers in Microbiology,morphology,NA,22,NA,bray,NA,eukarya,water,marine,50,0.086,0.242
Not by Salinity Alone: How Environmental Factors Shape Fungal Communities in Saline Soils,2019,Soil Science Society of America,illumina,ITS,31,30000,bray,0.97,fungi,soil,grassland,406.98,0.301,0.001
Microbiota dispersion in the Uyuni salt flat (Bolivia) as determined by community structure analyses,2019,International Microbiology,Ion Torrent,16S,10,84144,bray,0.94,Bac_arch,sediment,lake,64.35844,0.0764,0.2525
Large-scale distribution of bacterial communities in the Qaidam Basin of the Qinghai-Tibet Plateau,2019,MicrobiologyOpen,illumina,16S,35,NA,bray,0.97,bacteria,soil,grassland,737,0.383,0.001
Biogeography and the driving factors affecting forest soil bacteria in an arid area,2019,Science of the total environment,illumina,16S,24,11020,bray,0.97,bacteria,soil,grassland,800,0.274,0.001
Biogeography and the driving factors affecting forest soil bacteria in an arid area,2019,Science of the total environment,illumina,16S,24,11020,w_unifrac,0.97,bacteria,soil,grassland,800,0.219,0.001
Biogeography and the driving factors affecting forest soil bacteria in an arid area,2019,Science of the total environment,illumina,16S,24,11020,u_unifrac,0.97,bacteria,soil,grassland,800,0.271,0.001
"Functional Traits and Spatio-Temporal Structure of a Major Group of Soil Protists (Rhizaria: Cercozoa) in a Temperate Grassland (vol 10, 1332, 2019)",2019,Frontiers in Microbiology,illumina,18S,180,30890,bray,0.97,eukarya,soil,grassland,0.0124,0.1661,0.0001
On-Site Analysis of Bacterial Communities of the Ultraoligotrophic South Pacific Gyre,2019,Applied and Environmental Microbiology,Ion Torrent,16S,147,13051,bray,0.98,bacteria,water,marine,7000,0.03,NA
Upland Soil Cluster Gamma dominates methanotrophic communities in upland grassland soils,2019,Science of the total environment,illumina,pmoA,30,30381,bray,0.82,Bac_arch,soil,grassland,2000,0.1567,0.046
Community Assembly Mechanisms Underlying the Core and Random Bacterioplankton and Microeukaryotes in a River-Reservoir System,2019,Water,illumina,16S,100,16854,bray,0.97,bacteria,water,river,16.75,0.42,0.01
Community Assembly Mechanisms Underlying the Core and Random Bacterioplankton and Microeukaryotes in a River-Reservoir System,2019,Water,illumina,18S,100,28993,bray,0.97,eukarya,water,river,16.75,0.3,0.01
"Phosphorus mediates soil prokaryote distribution pattern along a small-scale elevation gradient in Noijin Kangsang Peak, Tibetan Plateau",2019,FEMS Microbiology Ecology,illumina,16S,9,9563,bray,0.97,bacteria,soil,grassland,0.28,0.405,0.056
"Phosphorus mediates soil prokaryote distribution pattern along a small-scale elevation gradient in Noijin Kangsang Peak, Tibetan Plateau",2019,FEMS Microbiology Ecology,illumina,16S,9,9563,bray,0.97,bacteria,soil,grassland,0.28,-0.033,0.504
Microbial Ecology of Snow Reveals Taxa-Specific Biogeographical Structure,2019,Microbial Ecology,illumina,16S,12,15000,bray,0.97,bacteria,snow,snow,410,-0.013,0.438
Microbial Ecology of Snow Reveals Taxa-Specific Biogeographical Structure,2019,Microbial Ecology,illumina,ITS,12,9000,bray,0.97,fungi,snow,snow,410,0.306,0.033
Microbial Ecology of Snow Reveals Taxa-Specific Biogeographical Structure,2019,Microbial Ecology,illumina,ITS,12,250,bray,0.97,eukarya,snow,snow,410,0.024,0.281
Historical Factors Associated With Past Environments Influence the Biogeography of Thermophilic Endospores in Arctic Marine Sediments,2019,Frontiers in Microbiology,pyrosequencing,16S,10,226,jaccard,0.97,bacteria,sediment,marine,220,0.26,NA
Historical Factors Associated With Past Environments Influence the Biogeography of Thermophilic Endospores in Arctic Marine Sediments,2019,Frontiers in Microbiology,pyrosequencing,16S,10,226,bray,0.97,bacteria,sediment,marine,220,0.03,NA
Molecular diversity and biogeography of benthic ciliates in the Bohai Sea and Yellow Sea,2019,Acta Oceanologica Sinica,pyrosequencing,18S,37,100,bray,0.97,eukarya,sediment,marine,500,0.21,0.001
Distinct biogeographic patterns of rhizobia and non-rhizobial endophytes associated with soybean nodules across China,2018,Science of the total environment,illumina,16S,50,25571,bray,0.97,bacteria,host,agriculture,NA,0.07,NA
How bacterioplankton community can go with cascade damming in the highly regulated Lancang-Mekong River Basin,2018,Molecular Ecology,illumina,16S,105,NA,bray,0.97,bacteria,water,river,1200,0.69,0.01
Influence of water quality on diversity and composition of fungal communities in a tropical river,2018,Scientific Reports,pyrosequencing,ITS,7,NA,bray,0.97,fungi,water,river,940,0.3343,0.001
THE EFFECTS OF CONTEMPORARY SELECTION AND DISPERSAL LIMITATION ON THE COMMUNITY ASSEMBLY OF ACIDOPHILIC MICROALGAE,2018,Journal of Phycology,pyrosequencing,rbcL,72,2515,bray,NA,eukarya,sediment,river,3816.9,0.32,0.001
Multiple processes acting from local to large geographical scales shape bacterial communities associated with Phormidium (cyanobacteria) biofilms in French and New Zealand rivers,2018,Scientific Reports,illumina,16S,92,8918,bray,0.97,bacteria,sediment,river,15.63357,0.32,0.04
Multiple processes acting from local to large geographical scales shape bacterial communities associated with Phormidium (cyanobacteria) biofilms in French and New Zealand rivers,2018,Scientific Reports,illumina,16S,92,8918,bray,0.97,bacteria,sediment,river,364.114,0.7,0.002
Multiple processes acting from local to large geographical scales shape bacterial communities associated with Phormidium (cyanobacteria) biofilms in French and New Zealand rivers,2018,Scientific Reports,illumina,16S,92,8918,jaccard,0.97,bacteria,sediment,river,15.63357,0.17,0.22
Multiple processes acting from local to large geographical scales shape bacterial communities associated with Phormidium (cyanobacteria) biofilms in French and New Zealand rivers,2018,Scientific Reports,illumina,16S,92,8918,jaccard,0.97,bacteria,sediment,river,364.114,0.76,0.001
Association between temporal and spatial beta diversity in phytoplankton,2018,Ecography,morphology,NA,49,NA,bray,NA,eukarya,sediment,river,667.6188,0.098,0.074
Association between temporal and spatial beta diversity in phytoplankton,2018,Ecography,morphology,NA,49,NA,jaccard,NA,eukarya,sediment,river,667.6188,0.021,0.336
Association between temporal and spatial beta diversity in phytoplankton,2018,Ecography,morphology,NA,49,NA,bray,NA,eukarya,sediment,river,667.6188,0.31,0.001
Association between temporal and spatial beta diversity in phytoplankton,2018,Ecography,morphology,NA,49,NA,jaccard,NA,eukarya,sediment,river,667.6188,0.313,0.001
Co-occurrence Network Reveals the Higher Fragmentation of the Bacterial Community in Kaidu River Than Its Tributaries in Northwestern China,2018,Microbes and Environments,illumina,16S,8,NA,bray,0.97,bacteria,water,river,105,0.7,0.01
Co-occurrence Network Reveals the Higher Fragmentation of the Bacterial Community in Kaidu River Than Its Tributaries in Northwestern China,2018,Microbes and Environments,illumina,16S,9,NA,bray,0.97,bacteria,water,river,118,-0.27,NA
Soil bacterial community composition and diversity in relation to edaphic properties and plant traits in grasslands of southern China,2018,Applied Soil Ecology,illumina,16S,100,8047,bray,0.97,bacteria,soil,grassland,524.5567,0.2376,0.001
Soil bacterial community composition and diversity in relation to edaphic properties and plant traits in grasslands of southern China,2018,Applied Soil Ecology,illumina,16S,100,8047,w_unifrac,0.97,bacteria,soil,grassland,524.5567,0.1432,0.001
Soil bacterial community composition and diversity in relation to edaphic properties and plant traits in grasslands of southern China,2018,Applied Soil Ecology,illumina,16S,100,8047,betaMNTD,0.97,bacteria,soil,grassland,524.5567,0.07761,0.015
Biogeography and ecological processes affecting root-associated bacterial communities in soybean fields across China,2018,Science of the total environment,illumina,16S,51,5209,bray,0.97,bacteria,soil,agriculture,3700,0.279,0.001
Biogeography and ecological processes affecting root-associated bacterial communities in soybean fields across China,2018,Science of the total environment,illumina,16S,51,5209,bray,0.97,bacteria,soil,agriculture,3700,0.124,0.055
Biogeography and ecological processes affecting root-associated bacterial communities in soybean fields across China,2018,Science of the total environment,illumina,16S,51,5209,bray,0.97,bacteria,host,agriculture,3700,0.06,0.201
Vertical and horizontal biogeographic patterns and major factors affecting bacterial communities in the open South China Sea,2018,Scientific Reports,illumina,16S,6,135317,bray,0.97,bacteria,water,marine,989,0.007,0.978
Vertical and horizontal biogeographic patterns and major factors affecting bacterial communities in the open South China Sea,2018,Scientific Reports,illumina,16S,6,145541,bray,0.97,bacteria,water,marine,989,-0.26,0.35
Vertical and horizontal biogeographic patterns and major factors affecting bacterial communities in the open South China Sea,2018,Scientific Reports,illumina,16S,6,118482,bray,0.97,bacteria,water,marine,989,0.165,0.557
Vertical and horizontal biogeographic patterns and major factors affecting bacterial communities in the open South China Sea,2018,Scientific Reports,illumina,16S,6,130664,bray,0.97,bacteria,water,marine,989,-0.265,0.34
Vertical and horizontal biogeographic patterns and major factors affecting bacterial communities in the open South China Sea,2018,Scientific Reports,illumina,16S,6,135317,jaccard,0.97,bacteria,water,marine,989,0.004,0.987
Vertical and horizontal biogeographic patterns and major factors affecting bacterial communities in the open South China Sea,2018,Scientific Reports,illumina,16S,6,145541,jaccard,0.97,bacteria,water,marine,989,-0.261,0.348
Vertical and horizontal biogeographic patterns and major factors affecting bacterial communities in the open South China Sea,2018,Scientific Reports,illumina,16S,6,118482,jaccard,0.97,bacteria,water,marine,989,0.172,0.539
Vertical and horizontal biogeographic patterns and major factors affecting bacterial communities in the open South China Sea,2018,Scientific Reports,illumina,16S,6,130664,jaccard,0.97,bacteria,water,marine,989,-0.181,0.519
Why do microbes exhibit weak biogeographic patterns?,2018,ISME,illumina,16S,35,3790,canberra,0.97,bacteria,soil,forest,0.7071068,0.569,0.001
Plant growth and oil contamination alter the diversity and composition of bacterial communities in agricultural soils across China,2018,Land Degradation & Development,illumina,16S,21,18844,bray,0.97,bacteria,soil,agriculture,4129.6,0.347,0.05
Ecological and biogeographical drivers of freshwater green algae biodiversity: from local communities to large-scale species pools of desmids,2018,Oecologia,morphology,NA,148,200,sorensen,NA,eukarya,sediment,grassland,1673.871,0.18,0.001
Biogeographical patterns of bacterial and archaeal communities from distant hypersaline environments,2018,Applied and Systematic Microbiology,pyrosequencing,16S,50,8887,bray,0.987,bacteria,sediment,marine,11250.7,0.13,0.0001
Biogeographical patterns of bacterial and archaeal communities from distant hypersaline environments,2018,Applied and Systematic Microbiology,pyrosequencing,16S,50,11273,bray,0.987,archaea,sediment,marine,11250.7,0.36,0.0001
"Environmental factors driving fungal distribution in freshwater lake sediments across the Headwater Region of the Yellow River, China",2018,Scientific Reports,pyrosequencing,ITS,30,3229,sorensen,0.97,fungi,sediment,lake,148,0.17,0.014
Ammonia-Oxidizing Archaea Show More Distinct Biogeographic Distribution Patterns than Ammonia-Oxidizing Bacteria across the Black Soil Zone of Northeast China,2018,Frontiers in Microbiology,pyrosequencing,amoA,26,4900,w_unifrac,0.85,archaea,soil,agriculture,740.6049,0.388,0.001
Ammonia-Oxidizing Archaea Show More Distinct Biogeographic Distribution Patterns than Ammonia-Oxidizing Bacteria across the Black Soil Zone of Northeast China,2018,Frontiers in Microbiology,pyrosequencing,amoA,26,4100,w_unifrac,0.85,bacteria,soil,agriculture,740.6049,0.15,0.007
Contrasting patterns of the bacterial and archaeal communities in a high-elevation river in northwestern China,2018,Journal of Microbiology,illumina,16S,8,NA,bray,0.97,archaea,water,river,108,0.53,NA
Contrasting patterns of the bacterial and archaeal communities in a high-elevation river in northwestern China,2018,Journal of Microbiology,illumina,16S,8,NA,bray,0.97,bacteria,water,river,108,0.7,0.01
Facultative root-colonizing fungi dominate endophytic assemblages in roots of nonmycorrhizal Microthlaspi species,2018,New Phytologist,illumina,ITS,43,48363,bray,0.97,fungi,host,grassland,1804.736,0.18,0.001
The diversity and biogeography of abundant and rare intertidal marine microeukaryotes explained by environment and dispersal limitation,2018,Environmental Microbiology,illumina,18S,36,34239,bray,0.97,eukarya,sediment,coastal,12000,0.638,0.01
The diversity and biogeography of abundant and rare intertidal marine microeukaryotes explained by environment and dispersal limitation,2018,Environmental Microbiology,illumina,18S,36,34239,bray,0.97,eukarya,sediment,coastal,12000,0.484,0.01
Distribution of bacterial communities along the spatial and environmental gradients from Bohai Sea to northern Yellow Sea,2018,PeerJ,illumina,16S,14,10000,w_unifrac,0.97,bacteria,water,marine,251.9414,0.18,NA
Soil organic matter availability and climate drive latitudinal patterns in bacterial diversity from tropical to cold temperate forests,2018,Functional Ecology,illumina,16S,36,19460,bray,0.97,bacteria,soil,forest,3700,0.545,0.001
Impact of Ecological Factors on the Diversity and Community Assemblage of the Bacteria Harbored in the Rhizosphere of Hippophae rhamnoides,2018,International Journal of Agriculture and Biology,illumina,16S,20,NA,w_unifrac,0.97,bacteria,host,grassland,3000,0.64,0.01
Highlighting patterns of fungal diversity and composition shaped by ocean currents using the East China Sea as a model,2018,Molecular Ecology,illumina,ITS,36,19317,bray,0.97,fungi,water,marine,544.152,0.421,0.001
Highlighting patterns of fungal diversity and composition shaped by ocean currents using the East China Sea as a model,2018,Molecular Ecology,illumina,ITS,36,19317,bray,0.97,fungi,water,marine,544.152,0.426,
Highlighting patterns of fungal diversity and composition shaped by ocean currents using the East China Sea as a model,2018,Molecular Ecology,illumina,ITS,28,19317,bray,0.97,fungi,water,marine,544.152,0.373,
Highlighting patterns of fungal diversity and composition shaped by ocean currents using the East China Sea as a model,2018,Molecular Ecology,illumina,ITS,40,19317,bray,0.97,fungi,sediment,marine,544.152,0.302,0.002
Patterns and Drivers of Vertical Distribution of the Ciliate Community from the Surface to the Abyssopelagic Zone in the Western Pacific Ocean,2017,Frontiers in Microbiology,illumina,18S,9,9513,bray,0.97,eukarya,water,marine,1300,0.26,0.13
"Linking bacterial community structure to advection and environmental impact along a coast-fjord gradient of the Sognefjord, western Norway",2017,Progress in Oceanography,ARISA,ISR,10,NA,jaccard,NA,bacteria,water,river,175,0.29,NA
"Linking bacterial community structure to advection and environmental impact along a coast-fjord gradient of the Sognefjord, western Norway",2017,Progress in Oceanography,ARISA,ISR,8,NA,jaccard,NA,bacteria,water,river,175,0.58,0.05
"Linking bacterial community structure to advection and environmental impact along a coast-fjord gradient of the Sognefjord, western Norway",2017,Progress in Oceanography,ARISA,ISR,14,NA,jaccard,NA,bacteria,water,river,140,0.22,0.05
"Linking bacterial community structure to advection and environmental impact along a coast-fjord gradient of the Sognefjord, western Norway",2017,Progress in Oceanography,ARISA,ISR,8,NA,jaccard,NA,bacteria,water,river,190,0.59,0.005
"Linking bacterial community structure to advection and environmental impact along a coast-fjord gradient of the Sognefjord, western Norway",2017,Progress in Oceanography,ARISA,ISR,14,NA,jaccard,NA,bacteria,water,river,190,0.6,0.0005
"Linking bacterial community structure to advection and environmental impact along a coast-fjord gradient of the Sognefjord, western Norway",2017,Progress in Oceanography,ARISA,ISR,14,NA,jaccard,NA,bacteria,water,river,140,0.21,NA
Is microbial terroir related to geographic distance between vineyards?,2017,Environmental Microbiology Reports,illumina,ITS,18,57346,bray,0.97,fungi,host,agriculture,35,0.42,0.007
Is microbial terroir related to geographic distance between vineyards?,2017,Environmental Microbiology Reports,illumina,ITS,18,68490,bray,0.97,fungi,host,agriculture,35,0.51,0.001
Is microbial terroir related to geographic distance between vineyards?,2017,Environmental Microbiology Reports,illumina,16S,17,27106,bray,0.97,bacteria,host,agriculture,35,0.07,0.27
Is microbial terroir related to geographic distance between vineyards?,2017,Environmental Microbiology Reports,illumina,16S,18,27106,bray,0.97,bacteria,host,agriculture,35,-0.08,0.61
Deep nirS amplicon sequencing of San Francisco Bay sediments enables prediction of geography and environmental conditions from denitrifying community composition,2017,Environmental Microbiology,Ion Torrent,nirS,35,13000,w_unifrac,0.88,bacteria,sediment,marine,NA,0.74,0.001
"Elevation, space and host plant species structure Ericaceae root-associated fungal communities in Papua New Guinea",2017,Fungal Ecology,pyrosequencing,ITS,27,NA,bray,0.97,fungi,host,forest,NA,0.15,0.013
"Elevation, space and host plant species structure Ericaceae root-associated fungal communities in Papua New Guinea",2017,Fungal Ecology,pyrosequencing,ITS,27,NA,bray,0.97,fungi,host,forest,NA,0.22,0.002
Distinct seasonality of chytrid-dominated benthic fungal communities in the neritic oceans (Bohai Sea and North Yellow Sea),2017,Fungal Ecology,pyrosequencing,18S,27,880,bray,0.99,fungi,sediment,marine,590,0.091,0.085
Biogeography at the limits of life: Do extremophilic microbial communities show biogeographical regionalization?,2017,Global Ecology and Biogeography,illumina,16S,75,27554,beta_sim,0.97,archaea,sediment,marine,9714.929,0.26,0.001
Biogeography at the limits of life: Do extremophilic microbial communities show biogeographical regionalization?,2017,Global Ecology and Biogeography,illumina,16S,75,26578,beta_sim,0.99,archaea,sediment,marine,9714.929,0.31,0.001
Rhizospheric fungi and their link with the nitrogen-fixing Frankia harbored in host plant Hippophae rhamnoides L,2017,Journal of Basic Microbiology,illumina,ITS,19,NA,w_unifrac,0.97,fungi,host,grassland,3000,0.47,0.01
Rhizospheric fungi and their link with the nitrogen-fixing Frankia harbored in host plant Hippophae rhamnoides L,2017,Journal of Basic Microbiology,illumina,ITS,19,NA,w_unifrac,0.97,fungi,host,grassland,3000,0.12,0.18
Distinct microbial communities in the active and permafrost layers on the Tibetan Plateau,2017,Molecular Ecology,illumina,ITS,31,14000,bray,0.97,fungi,soil,grassland,771.278,0.022,0.63
Distinct microbial communities in the active and permafrost layers on the Tibetan Plateau,2017,Molecular Ecology,illumina,16S,31,19300,bray,0.97,Bac_arch,soil,grassland,771.278,0.49,0.001
Distinct microbial communities in the active and permafrost layers on the Tibetan Plateau,2017,Molecular Ecology,illumina,ITS,31,14000,bray,0.97,fungi,soil,grassland,771.278,0.14,0.008
Distinct microbial communities in the active and permafrost layers on the Tibetan Plateau,2017,Molecular Ecology,illumina,16S,31,19300,bray,0.97,Bac_arch,soil,grassland,771.278,0.39,0.001
Environmental filtering by pH and soil nutrients drives community assembly in fungi at fine spatial scales,2017,Molecular Ecology,illumina,ITS,40,39721,bray,0.97,fungi,soil,forest,1.070612,0.33,0.01
Environmental filtering by pH and soil nutrients drives community assembly in fungi at fine spatial scales,2017,Molecular Ecology,illumina,ITS,40,39721,jaccard,0.97,fungi,soil,forest,1.070612,0.42,0.01
The Patterns and Drivers of Bacterial and Fungal beta-Diversity in a Typical Dryland Ecosystem of Northwest China,2017,Frontiers in Microbiology,illumina,ITS,62,NA,bray,0.97,fungi,soil,grassland,1100,0.428,0.0001
The Patterns and Drivers of Bacterial and Fungal beta-Diversity in a Typical Dryland Ecosystem of Northwest China,2017,Frontiers in Microbiology,illumina,16S,62,NA,bray,0.97,bacteria,soil,grassland,1100,0.221,0.0001
The Patterns and Drivers of Bacterial and Fungal beta-Diversity in a Typical Dryland Ecosystem of Northwest China,2017,Frontiers in Microbiology,illumina,ITS,62,NA,beta_bray,0.97,fungi,soil,grassland,1100,0.415,0.0001
The Patterns and Drivers of Bacterial and Fungal beta-Diversity in a Typical Dryland Ecosystem of Northwest China,2017,Frontiers in Microbiology,illumina,16S,62,NA,beta_bray,0.97,bacteria,soil,grassland,1100,0.209,0.0001
"Patterns and Processes in Marine Microeukaryotic Community Biogeography from Xiamen Coastal Waters and Intertidal Sediments, Southeast China",2017,Frontiers in Microbiology,illumina,18S,12,33996,bray,0.97,eukarya,water,marine,19.95401,0.214,0.085
"Patterns and Processes in Marine Microeukaryotic Community Biogeography from Xiamen Coastal Waters and Intertidal Sediments, Southeast China",2017,Frontiers in Microbiology,illumina,18S,12,33996,bray,0.97,eukarya,sediment,coastal,12.54235,0.622,0.001
"Patterns and Processes in Marine Microeukaryotic Community Biogeography from Xiamen Coastal Waters and Intertidal Sediments, Southeast China",2017,Frontiers in Microbiology,illumina,18S,10,33996,bray,0.97,eukarya,water,marine,19.39535,-0.029,0.85
City-scale distribution and dispersal routes of mycobiome in residences,2017,Microbiome,illumina,18S,76,1058,jaccard,0.97,fungi,air,urban,30,0.002,0.4
Climate controls prokaryotic community composition in desert soils of the southwestern United States,2017,FEMS Microbiology Ecology,illumina,16S,88,5000,bray,0.97,bacteria,soil,desert,888,0.36,0.001
Microbial diversity in an intensively managed landscape is structured by landscape connectivity,2017,FEMS Microbiology Ecology,illumina,16S,36,10000,w_unifrac,0.97,bacteria,soil,agriculture,27.54095,-0.13,NA
Microbial diversity in an intensively managed landscape is structured by landscape connectivity,2017,FEMS Microbiology Ecology,illumina,16S,14,10000,w_unifrac,0.97,bacteria,sediment,river,27.23884,0.2,NA
Microbial diversity in an intensively managed landscape is structured by landscape connectivity,2017,FEMS Microbiology Ecology,illumina,16S,27,10000,w_unifrac,0.97,bacteria,water,river,31.57764,0.08,NA
Biogeography and ecological diversity patterns of rare and abundant bacteria in oil-contaminated soils,2017,Molecular Ecology,illumina,16S,38,36920,bray,0.97,bacteria,soil,grassland,360,0.3381,0.01
Biogeography and ecological diversity patterns of rare and abundant bacteria in oil-contaminated soils,2017,Molecular Ecology,illumina,16S,38,36920,bray,0.97,bacteria,soil,grassland,360,0.3539,0.01
"Relative roles of competition, environmental selection and spatial processes in structuring soil bacterial communities in the Qinghai-Tibetan Plateau",2017,Fungal Ecology,ARISA,ITS,240,NA,bray,NA,fungi,host,forest,17.06215,0.2837,0.001
"Relative roles of competition, environmental selection and spatial processes in structuring soil bacterial communities in the Qinghai-Tibetan Plateau",2017,Fungal Ecology,ARISA,ITS,240,NA,bray,NA,fungi,host,forest,16.95822,0.1843,0.001
Transition boundaries for protistan species turnover in hypersaline waters of different biogeographic regions,2017,Environmental Microbiology,illumina,18S,24,61774,sorensen,1,eukarya,sediment,marine,11626.09,0.25,0.001
Distance decay relationships in foliar fungal endophytes are driven by rare taxa,2017,Environmental Microbiology,illumina,ITS,127,NA,bray,0.95,fungi,host,forest,110,0.22,0.001
Ecological Succession Pattern of Fungal Community in Soil along a Retreating Glacier,2017,Frontiers in Microbiology,pyrosequencing,ITS,36,4184,bray,0.97,fungi,soil,forest,1.840173,0.26,0.003
Biogeography of cryoconite bacterial communities on glaciers of the Tibetan Plateau,2017,FEMS Microbiology Ecology,illumina,16S,29,26800,u_unifrac,0.97,bacteria,sediment,glacier,1396.279,0.855,0.001
Land scale biogeography of arsenic biotransformation genes in estuarine wetland,2017,Environmental Microbiology,illumina,16S,14,NA,bray,0.97,bacteria,sediment,coastal,1624.666,0.371,0.001
Land scale biogeography of arsenic biotransformation genes in estuarine wetland,2017,Environmental Microbiology,illumina,arsM,14,17434,bray,0.97,bacteria,sediment,coastal,1624.666,0.512,0.001
Geographical variation in soil bacterial community structure in tropical forests in Southeast Asia and temperate forests in Japan based on pyrosequencing analysis of 16S rRNA,2017,Genes and Genetic Systems,pyrosequencing,16S,28,2951,jaccard,0.97,bacteria,soil,forest,10000,0.45,0.0001
Geographical variation in soil bacterial community structure in tropical forests in Southeast Asia and temperate forests in Japan based on pyrosequencing analysis of 16S rRNA,2017,Genes and Genetic Systems,pyrosequencing,16S,28,2951,w_unifrac,0.97,bacteria,soil,forest,10000,0.11,0.204
High taxonomic variability despite stable functional structure across microbial communities,2017,Nature Ecology and Evolution,illumina,16S,22,NA,bray,0.99,bacteria,sediment,forest,0.13,0.13,0.09
"Distinct Biogeographic Patterns for Archaea, Bacteria, and Fungi along the Vegetation Gradient at the Continental Scale in Eastern China",2017,mSystems,pyrosequencing,16S,110,NA,bray,0.97,bacteria,soil,forest,3000,0.059,0.012
"Distinct Biogeographic Patterns for Archaea, Bacteria, and Fungi along the Vegetation Gradient at the Continental Scale in Eastern China",2017,mSystems,pyrosequencing,16S,110,NA,bray,0.97,archaea,soil,forest,3000,-0.015,0.657
"Distinct Biogeographic Patterns for Archaea, Bacteria, and Fungi along the Vegetation Gradient at the Continental Scale in Eastern China",2017,mSystems,pyrosequencing,18S,110,NA,bray,0.97,fungi,soil,forest,3000,0.055,0.051
Fungal community assemblages in a high elevation desert environment: Absence of dispersal limitation and edaphic effects in surface soil,2017,Soil Biology and Biochemistry,illumina,ITS,13,22466,bray,0.97,fungi,soil,desert,925,0.142,0.181
Fungal community assemblages in a high elevation desert environment: Absence of dispersal limitation and edaphic effects in surface soil,2017,Soil Biology and Biochemistry,illumina,ITS,13,22466,bray,0.97,fungi,soil,desert,925,0.659,0.001
Floral organs act as environmental filters and interact with pollinators to structure the yellow monkeyflower (Mimulus guttatus) floral microbiome,2019,Molecular Ecology,illumina,16S,16,1200,bray,0.97,bacteria,host,grassland,2.55474,0.266,0.038
Floral organs act as environmental filters and interact with pollinators to structure the yellow monkeyflower (Mimulus guttatus) floral microbiome,2019,Molecular Ecology,illumina,16S,NA,1200,bray,0.97,bacteria,host,grassland,2.55474,0.258,0.032
Environmental and spatial variables determine the taxonomic but not functional structure patterns of microbial communities in alpine grasslands,2019,Science of the total environment,illumina,16S,20,11612,bray,0.97,bacteria,soil,grassland,70,0.204,0.017
Environmental and spatial variables determine the taxonomic but not functional structure patterns of microbial communities in alpine grasslands,2019,Science of the total environment,illumina,ITS,20,3018,bray,0.97,fungi,soil,grassland,70,0.387,0.002
Abundant and Rare Microbial Biospheres Respond Differently to Environmental and Spatial Factors in Tibetan Hot Springs,2018,Frontiers in Microbiology,illumina,16S,66,22938,bray,0.97,Bac_arch,sediment,river,610,0.159,0.001
Ecological patterns and adaptability of bacterial communities in alkaline copper mine drainage,2018,Water Research,illumina,16S,5,23429,bray,NA,bacteria,water,lake,NA,0.215,NA
Benthic Algal Community Structures and Their Response to Geographic Distance and Environmental Variables in the Qinghai-Tibetan Lakes With Different Salinity,2018,Frontiers in Microbiology,illumina,23S,18,8843,bray,0.97,eukarya,sediment,lake,514,0.578,0.001
Phylum-Level Archaeal Distributions in the Sediments of Chinese Lakes With a Large Range of Salinity,2018,Geomicrobiology Journal,illumina,16S,38,24805,bray,0.97,archaea,sediment,lake,3656,0.197,0.001
Community composition and assembly processes of the free-living and particle-attached bacteria in Taihu Lake,2017,FEMS Microbiology Ecology,pyrosequencing,16S,13,2411,betaMNTD,0.97,bacteria,water,lake,67.85,-0.3311,NA
Community composition and assembly processes of the free-living and particle-attached bacteria in Taihu Lake,2017,FEMS Microbiology Ecology,pyrosequencing,16S,13,2411,betaMNTD,0.97,bacteria,water,lake,67.85,-0.0122,NA
Community composition and assembly processes of the free-living and particle-attached bacteria in Taihu Lake,2017,FEMS Microbiology Ecology,pyrosequencing,16S,13,2411,bray,0.97,bacteria,water,lake,67.85,0.2482,0.0285
Community composition and assembly processes of the free-living and particle-attached bacteria in Taihu Lake,2017,FEMS Microbiology Ecology,pyrosequencing,16S,13,2411,bray,0.97,bacteria,water,lake,67.85,0.3969,0.0003
"Soil Property and Plant Diversity Determine Bacterial Turnover and Network Interactions in a Typical Arid Inland River Basin, Northwest China",2019,Frontiers in Microbiology,illumina,16S,39,18182,bray,0.97,bacteria,soil,grassland,60,0.3574,0.0001
"Soil Property and Plant Diversity Determine Bacterial Turnover and Network Interactions in a Typical Arid Inland River Basin, Northwest China",2019,Frontiers in Microbiology,illumina,16S,39,18182,beta_bray,0.97,bacteria,soil,grassland,60,0.3626,0.0001
"Soil Property and Plant Diversity Determine Bacterial Turnover and Network Interactions in a Typical Arid Inland River Basin, Northwest China",2019,Frontiers in Microbiology,illumina,16S,39,18182,nes_bray,0.97,bacteria,soil,grassland,60,-0.0642,NA
Intensive allochthonous inputs along the Ganges River and their effect on microbial community composition and dynamics,2019,Environmental Microbiology,illumina,metagenome,18,34192561,Mash,NA,all,water,river,674,0.83,0.001
Intensive allochthonous inputs along the Ganges River and their effect on microbial community composition and dynamics,2019,Environmental Microbiology,illumina,metagenome,18,34192561,Mash,NA,all,water,river,674,0.37,0.1
Highly structured prokaryote communities exist within the skeleton of coral colonies,2018,ISME,illumina,16S,90,2500,sorensen,0.97,bacteria,host,marine,0.00199,0.7059,0.0001
Highly structured prokaryote communities exist within the skeleton of coral colonies,2018,ISME,illumina,UPA,90,2500,sorensen,0.97,eukarya,host,marine,0.00199,0.2147,0.1072
Highly structured prokaryote communities exist within the skeleton of coral colonies,2018,ISME,illumina,tufA,90,1000,sorensen,0.98,bac_euk,host,marine,0.00199,0.3029,0.0543
Highly structured prokaryote communities exist within the skeleton of coral colonies,2018,ISME,illumina,16S,90,2500,bray,0.97,bacteria,host,marine,0.00199,0.698,0.0002
Highly structured prokaryote communities exist within the skeleton of coral colonies,2018,ISME,illumina,UPA,90,2500,bray,0.97,eukarya,host,marine,0.00199,0.1289,0.2247
Highly structured prokaryote communities exist within the skeleton of coral colonies,2018,ISME,illumina,tufA,90,1000,bray,0.98,bac_euk,host,marine,0.00199,0.1102,0.2611
Highly structured prokaryote communities exist within the skeleton of coral colonies,2018,ISME,illumina,16S,90,2500,w_unifrac,0.97,bacteria,host,marine,0.00199,0.4252,0.0128
Highly structured prokaryote communities exist within the skeleton of coral colonies,2018,ISME,illumina,UPA,90,2500,w_unifrac,0.97,eukarya,host,marine,0.00199,0.0644,0.3428
Highly structured prokaryote communities exist within the skeleton of coral colonies,2018,ISME,illumina,tufA,90,1000,w_unifrac,0.98,bac_euk,host,marine,0.00199,0.1286,0.2345
